arm_id,baseline_utility.accuracy,baseline_utility.log_loss,baseline_utility.roc_auc,dataset,epsilon,family,fit.artifacts.estimator.joblib.bytes,fit.artifacts.estimator.joblib.sha256,fit.artifacts.preprocessing.json.bytes,fit.artifacts.preprocessing.json.sha256,fit.device,fit.estimator_parameters.algorithm,fit.estimator_parameters.n_jobs,fit.estimator_parameters.n_neighbors,fit.estimator_parameters.weights,fit.fit_and_persist_seconds,fit.income_class_counts,fit.input_field_sizes,fit.model_kind,fit.model_name,fit.preprocessing,fit.privacy_guarantee,fit.schema_version,fit.scope_note,fit.seed,fit.sensitive_input,fit.source_sha256,fit.target,fit.threads,fit.training_api_inputs,fit.training_records,fit.versions.numpy,fit.versions.python,fit.versions.sklearn,fit.versions.torch,fit.warnings,predictions_sha256,privacy_contract_path,privacy_interpretation,training_seed,utility.cached.accuracy,utility.cached.log_loss,utility.cached.n,utility.cached.roc_auc,utility.fresh.accuracy,utility.fresh.log_loss,utility.fresh.n,utility.fresh.roc_auc,utility.raw_bypass.accuracy,utility.raw_bypass.log_loss,utility.raw_bypass.n,utility.raw_bypass.roc_auc,fit.estimator_parameters.random_state,fit.estimator_parameters.max_depth,fit.estimator_parameters.n_estimators,fit.estimator_parameters.categorical_features,fit.estimator_parameters.early_stopping,fit.estimator_parameters.max_iter,fit.estimator_parameters.max_leaf_nodes,fit.estimator_parameters.eval_metric,fit.estimator_parameters.learning_rate,fit.estimator_parameters.objective,fit.estimator_parameters.tree_method,fit.versions.xgboost,fit.estimator_parameters.C,fit.estimator_parameters.batch_size,fit.estimator_parameters.hidden_layer_sizes,fit.amp_dtype,fit.artifacts.language_model.pt.bytes,fit.artifacts.language_model.pt.sha256,fit.config.amp,fit.config.batch_size,fit.config.d_model,fit.config.dim_feedforward,fit.config.dropout,fit.config.lr,fit.config.num_heads,fit.config.num_layers,fit.config.predict_batch_size,fit.config.weight_decay,fit.determinism,fit.device_name,fit.epoch_next_token_losses,fit.epoch_seconds,fit.epochs,fit.income_prediction,fit.parameter_count,fit.sensitive_prediction,fit.training_objective
epsilon-1-seed-20260921,0.7467,2.797732185281429,0.8052751385589867,D1,1.0,knn,1130016,1e1c7fe0fb3d75fbb575e0034c9ddb4505bf176a8b83d235022a7e51acd92ebe,370,ad82b74b98e88d047fecb99c227ad2d653888df937f57967dbac8dfc5189b66e,cpu,kd_tree,6,5,distance,0.15658500004792586,"[25056,24944]","[14,3,25,6,7,10,25,20,10,100,2]",classical_income_classifier,knn,fixed_range_scaled_category_codes_euclidean,none; these are non-DP baseline models,1,Caller is responsible for disjoint evaluation rows; this function receives training arrays only.,20260921,"last input column S, explicitly supplied by caller",34cf77139a2aabbb63206ea939032dcdce6aaea3c87f38dfad8da6f718182221,binary_income_Y,6,X_with_S and y only; no separate evaluation input is accepted,50000,2.5.2,3.12.14,1.6.1,2.13.0+cu130,[],6c0a27cd80322eb815424cc73c7dffcccc36c7ea1f53babc8af5f4af84eac548,<LOCAL_DRIVE_D>/model_audit_data\experiments\acs-attribute-dp-20260921\run-v1\arms\epsilon-1-seed-20260921\privacy-contract.json,optimizer is non-DP; model inherits conditional attribute-DP solely through cached RR preprocessing,20260921,0.7389,2.67101779205143,10000,0.8006327564389364,0.7384,2.726146376313191,10000,0.7995231764267623,0.7379,2.7153787103679563,10000,0.8021287982508187,,,,,,,,,,,,,,,,,,,,,,,,,,,,,,,,,,,,,
epsilon-1-seed-20260921,0.7383,2.7487350387057092,0.7986047370883633,D2_0,1.0,knn,1129635,966c887ce5a837a7d0c91a31f6e1e1a06398b112ee1a6f2afe35586b2722fd3b,370,ad82b74b98e88d047fecb99c227ad2d653888df937f57967dbac8dfc5189b66e,cpu,kd_tree,6,5,distance,0.1530969999730587,"[25089,24911]","[14,3,25,6,7,10,25,20,10,100,2]",classical_income_classifier,knn,fixed_range_scaled_category_codes_euclidean,none; these are non-DP baseline models,1,Caller is responsible for disjoint evaluation rows; this function receives training arrays only.,20261930,"last input column S, explicitly supplied by caller",34cf77139a2aabbb63206ea939032dcdce6aaea3c87f38dfad8da6f718182221,binary_income_Y,6,X_with_S and y only; no separate evaluation input is accepted,50000,2.5.2,3.12.14,1.6.1,2.13.0+cu130,[],427c1ff3bc21e7c5e5b71f6f599f33acfe6e01a9bd0d765f1d3965fa54b2fb86,<LOCAL_DRIVE_D>/model_audit_data\experiments\acs-attribute-dp-20260921\run-v1\arms\epsilon-1-seed-20260921\privacy-contract.json,optimizer is non-DP; model inherits conditional attribute-DP solely through cached RR preprocessing,20260921,0.7399,2.6738741516833153,10000,0.7992904912595347,0.7418,2.6400336527731327,10000,0.8013956389523091,0.7426,2.7070657128541926,10000,0.7991934207603894,,,,,,,,,,,,,,,,,,,,,,,,,,,,,,,,,,,,,
epsilon-1-seed-20260921,0.7411,2.8712164564517746,0.8016499264560455,D2_50,1.0,knn,1130194,ed5ef090fc4807c6acdea9ea5af6d4f4063a49512b56e5fc0946dda6647dea86,370,ad82b74b98e88d047fecb99c227ad2d653888df937f57967dbac8dfc5189b66e,cpu,kd_tree,6,5,distance,0.15535929996985942,"[24976,25024]","[14,3,25,6,7,10,25,20,10,100,2]",classical_income_classifier,knn,fixed_range_scaled_category_codes_euclidean,none; these are non-DP baseline models,1,Caller is responsible for disjoint evaluation rows; this function receives training arrays only.,20262939,"last input column S, explicitly supplied by caller",34cf77139a2aabbb63206ea939032dcdce6aaea3c87f38dfad8da6f718182221,binary_income_Y,6,X_with_S and y only; no separate evaluation input is accepted,50000,2.5.2,3.12.14,1.6.1,2.13.0+cu130,[],37730eea8eaf30b426b2ac2b4001b781271b14cce2a3f2fe5011a604b444c156,<LOCAL_DRIVE_D>/model_audit_data\experiments\acs-attribute-dp-20260921\run-v1\arms\epsilon-1-seed-20260921\privacy-contract.json,optimizer is non-DP; model inherits conditional attribute-DP solely through cached RR preprocessing,20260921,0.7399,2.7516913034649706,10000,0.8007514692789172,0.7409,2.6689233522142897,10000,0.8044968343776063,0.7396,2.842408276877702,10000,0.7987813561914856,,,,,,,,,,,,,,,,,,,,,,,,,,,,,,,,,,,,,
epsilon-1-seed-20260921,0.7467,2.797732185281429,0.8052751385589867,D2_100,1.0,knn,1130016,1e1c7fe0fb3d75fbb575e0034c9ddb4505bf176a8b83d235022a7e51acd92ebe,370,ad82b74b98e88d047fecb99c227ad2d653888df937f57967dbac8dfc5189b66e,cpu,kd_tree,6,5,distance,0.15483640000456944,"[25056,24944]","[14,3,25,6,7,10,25,20,10,100,2]",classical_income_classifier,knn,fixed_range_scaled_category_codes_euclidean,none; these are non-DP baseline models,1,Caller is responsible for disjoint evaluation rows; this function receives training arrays only.,20263948,"last input column S, explicitly supplied by caller",34cf77139a2aabbb63206ea939032dcdce6aaea3c87f38dfad8da6f718182221,binary_income_Y,6,X_with_S and y only; no separate evaluation input is accepted,50000,2.5.2,3.12.14,1.6.1,2.13.0+cu130,[],91aaa501c90938cbd4ef98a99f5fdf91711ff8f75afc395d8c676d83741d929c,<LOCAL_DRIVE_D>/model_audit_data\experiments\acs-attribute-dp-20260921\run-v1\arms\epsilon-1-seed-20260921\privacy-contract.json,optimizer is non-DP; model inherits conditional attribute-DP solely through cached RR preprocessing,20260921,0.7389,2.67101779205143,10000,0.8006327564389364,0.7387,2.6914458850698475,10000,0.8001027391122624,0.7379,2.7153787103679563,10000,0.8021287982508187,,,,,,,,,,,,,,,,,,,,,,,,,,,,,,,,,,,,,
epsilon-1-seed-20260921,0.7199,8.218140229610654,0.7286715931195117,D1,1.0,decision_tree,275757,fb488736d494aa4eac383a8a477b08520cb11e0c7e513788609331a2f28d29ce,364,1142ecb81d085caa18d5a8ae43d8c5a4ac2ccaf5b9ac6b6e6536971e46ccba25,cpu,,,,,0.11232780001591891,"[25056,24944]","[14,3,25,6,7,10,25,20,10,100,2]",classical_income_classifier,decision_tree,raw_category_codes_as_ordered_numeric,none; these are non-DP baseline models,1,Caller is responsible for disjoint evaluation rows; this function receives training arrays only.,20260921,"last input column S, explicitly supplied by caller",34cf77139a2aabbb63206ea939032dcdce6aaea3c87f38dfad8da6f718182221,binary_income_Y,6,X_with_S and y only; no separate evaluation input is accepted,50000,2.5.2,3.12.14,1.6.1,2.13.0+cu130,[],836b9fd9c64a63dd1f3ca76482faae8de6f285a636f96136c414dee7fa3ece79,<LOCAL_DRIVE_D>/model_audit_data\experiments\acs-attribute-dp-20260921\run-v1\arms\epsilon-1-seed-20260921\privacy-contract.json,optimizer is non-DP; model inherits conditional attribute-DP solely through cached RR preprocessing,20260921,0.7183,8.440352787347763,10000,0.723334215828784,0.7162,8.415564555173043,10000,0.7229655159502052,0.7177,8.343811366810257,10000,0.7248225768099078,20260921,,,,,,,,,,,,,,,,,,,,,,,,,,,,,,,,,,,,
epsilon-1-seed-20260921,0.7193,8.191531806714355,0.7285044950461841,D2_0,1.0,decision_tree,273167,23ad18a3a2707877d79c33deb7411afdc08f732c0ca218272b1ed8d5b5bdeb63,364,1142ecb81d085caa18d5a8ae43d8c5a4ac2ccaf5b9ac6b6e6536971e46ccba25,cpu,,,,,0.1153183999704197,"[25089,24911]","[14,3,25,6,7,10,25,20,10,100,2]",classical_income_classifier,decision_tree,raw_category_codes_as_ordered_numeric,none; these are non-DP baseline models,1,Caller is responsible for disjoint evaluation rows; this function receives training arrays only.,20261930,"last input column S, explicitly supplied by caller",34cf77139a2aabbb63206ea939032dcdce6aaea3c87f38dfad8da6f718182221,binary_income_Y,6,X_with_S and y only; no separate evaluation input is accepted,50000,2.5.2,3.12.14,1.6.1,2.13.0+cu130,[],ac1fb6332aa0b50fc67c9cb778ccc45b482872dfa26916d8c56d09efac7fa228,<LOCAL_DRIVE_D>/model_audit_data\experiments\acs-attribute-dp-20260921\run-v1\arms\epsilon-1-seed-20260921\privacy-contract.json,optimizer is non-DP; model inherits conditional attribute-DP solely through cached RR preprocessing,20260921,0.7191,8.326424190086524,10000,0.7267550858300833,0.7227,8.221195626721396,10000,0.7300284598782203,0.7216,8.20923388111128,10000,0.7295325462402014,20261930,,,,,,,,,,,,,,,,,,,,,,,,,,,,,,,,,,,,
epsilon-1-seed-20260921,0.7188,8.247380401043975,0.7259272562920406,D2_50,1.0,decision_tree,271573,ba3ec09ae522d3e7d3e59e2c7645217a62ef25342059e1ead7eea7f951a37d81,364,1142ecb81d085caa18d5a8ae43d8c5a4ac2ccaf5b9ac6b6e6536971e46ccba25,cpu,,,,,0.11490619997493923,"[24976,25024]","[14,3,25,6,7,10,25,20,10,100,2]",classical_income_classifier,decision_tree,raw_category_codes_as_ordered_numeric,none; these are non-DP baseline models,1,Caller is responsible for disjoint evaluation rows; this function receives training arrays only.,20262939,"last input column S, explicitly supplied by caller",34cf77139a2aabbb63206ea939032dcdce6aaea3c87f38dfad8da6f718182221,binary_income_Y,6,X_with_S and y only; no separate evaluation input is accepted,50000,2.5.2,3.12.14,1.6.1,2.13.0+cu130,[],2c84c811e6bb35ac8a8818b21d640b38a615a4c42e298337b17c4cd5b505aa8a,<LOCAL_DRIVE_D>/model_audit_data\experiments\acs-attribute-dp-20260921\run-v1\arms\epsilon-1-seed-20260921\privacy-contract.json,optimizer is non-DP; model inherits conditional attribute-DP solely through cached RR preprocessing,20260921,0.7142,8.55566270688978,10000,0.7189259390295655,0.7127,8.66817876544873,10000,0.7161570595475607,0.714,8.570359646397003,10000,0.7181232722131226,20262939,,,,,,,,,,,,,,,,,,,,,,,,,,,,,,,,,,,,
epsilon-1-seed-20260921,0.7205,8.210698317252799,0.7288247896892528,D2_100,1.0,decision_tree,274985,004824b016e491a672f2f963efac318f4b1d32f841ef7f8bf0ce3b651dcd23b9,364,1142ecb81d085caa18d5a8ae43d8c5a4ac2ccaf5b9ac6b6e6536971e46ccba25,cpu,,,,,0.11665009998250753,"[25056,24944]","[14,3,25,6,7,10,25,20,10,100,2]",classical_income_classifier,decision_tree,raw_category_codes_as_ordered_numeric,none; these are non-DP baseline models,1,Caller is responsible for disjoint evaluation rows; this function receives training arrays only.,20263948,"last input column S, explicitly supplied by caller",34cf77139a2aabbb63206ea939032dcdce6aaea3c87f38dfad8da6f718182221,binary_income_Y,6,X_with_S and y only; no separate evaluation input is accepted,50000,2.5.2,3.12.14,1.6.1,2.13.0+cu130,[],e1fff143a482ca0212cca1c6d0e699146c58255ada28594c4b770a88185ba3bb,<LOCAL_DRIVE_D>/model_audit_data\experiments\acs-attribute-dp-20260921\run-v1\arms\epsilon-1-seed-20260921\privacy-contract.json,optimizer is non-DP; model inherits conditional attribute-DP solely through cached RR preprocessing,20260921,0.7234,8.225207829783342,10000,0.730013278236174,0.7199,8.316796828535336,10000,0.7266951193441082,0.7226,8.14929768167429,10000,0.7313064181021818,20263948,,,,,,,,,,,,,,,,,,,,,,,,,,,,,,,,,,,,
epsilon-1-seed-20260921,0.7761,0.475159588875545,0.8586092271740111,D1,1.0,random_forest,18670293,eb1f1b1b6381034b557ff65d31f42fe5e7040ce6b7e2687ab0a2555aeed6055f,364,1142ecb81d085caa18d5a8ae43d8c5a4ac2ccaf5b9ac6b6e6536971e46ccba25,cpu,,6,,,1.094737500010524,"[25056,24944]","[14,3,25,6,7,10,25,20,10,100,2]",classical_income_classifier,random_forest,raw_category_codes_as_ordered_numeric,none; these are non-DP baseline models,1,Caller is responsible for disjoint evaluation rows; this function receives training arrays only.,20260921,"last input column S, explicitly supplied by caller",34cf77139a2aabbb63206ea939032dcdce6aaea3c87f38dfad8da6f718182221,binary_income_Y,6,X_with_S and y only; no separate evaluation input is accepted,50000,2.5.2,3.12.14,1.6.1,2.13.0+cu130,[],3d367c2e3e903f84e5b849a626ef5145e81ce69808ce22047609759a0d9866ce,<LOCAL_DRIVE_D>/model_audit_data\experiments\acs-attribute-dp-20260921\run-v1\arms\epsilon-1-seed-20260921\privacy-contract.json,optimizer is non-DP; model inherits conditional attribute-DP solely through cached RR preprocessing,20260921,0.7772,0.47497027745587667,10000,0.8582646299023703,0.7758,0.4754522150244902,10000,0.8577765971167441,0.7774,0.4730458166337987,10000,0.8595459084854619,20260921,18,100,,,,,,,,,,,,,,,,,,,,,,,,,,,,,,,,,,
epsilon-1-seed-20260921,0.7759,0.47487040945767384,0.8581046926035519,D2_0,1.0,random_forest,18501536,bbb065980156ec6e513362cad60cec9f3cbb54696f6bae2d18f8dee3084b9c4f,364,1142ecb81d085caa18d5a8ae43d8c5a4ac2ccaf5b9ac6b6e6536971e46ccba25,cpu,,6,,,1.113090500002727,"[25089,24911]","[14,3,25,6,7,10,25,20,10,100,2]",classical_income_classifier,random_forest,raw_category_codes_as_ordered_numeric,none; these are non-DP baseline models,1,Caller is responsible for disjoint evaluation rows; this function receives training arrays only.,20261930,"last input column S, explicitly supplied by caller",34cf77139a2aabbb63206ea939032dcdce6aaea3c87f38dfad8da6f718182221,binary_income_Y,6,X_with_S and y only; no separate evaluation input is accepted,50000,2.5.2,3.12.14,1.6.1,2.13.0+cu130,[],ba190b88cc8e12a06f9e6e869c81e1243b333035984654e6b8ba8dd53fac60a7,<LOCAL_DRIVE_D>/model_audit_data\experiments\acs-attribute-dp-20260921\run-v1\arms\epsilon-1-seed-20260921\privacy-contract.json,optimizer is non-DP; model inherits conditional attribute-DP solely through cached RR preprocessing,20260921,0.7771,0.47358140651800995,10000,0.8579282735220641,0.776,0.477118170008147,10000,0.8579953207738948,0.7756,0.477945131261415,10000,0.8574225388217991,20261930,18,100,,,,,,,,,,,,,,,,,,,,,,,,,,,,,,,,,,
epsilon-1-seed-20260921,0.7767,0.4724770261459114,0.8574571825688666,D2_50,1.0,random_forest,18411952,47898d04ecb787c5a0f6e051d86c8c3f2d500ec01ae840ae23001f1b6e9eb124,364,1142ecb81d085caa18d5a8ae43d8c5a4ac2ccaf5b9ac6b6e6536971e46ccba25,cpu,,6,,,1.0990758999832906,"[24976,25024]","[14,3,25,6,7,10,25,20,10,100,2]",classical_income_classifier,random_forest,raw_category_codes_as_ordered_numeric,none; these are non-DP baseline models,1,Caller is responsible for disjoint evaluation rows; this function receives training arrays only.,20262939,"last input column S, explicitly supplied by caller",34cf77139a2aabbb63206ea939032dcdce6aaea3c87f38dfad8da6f718182221,binary_income_Y,6,X_with_S and y only; no separate evaluation input is accepted,50000,2.5.2,3.12.14,1.6.1,2.13.0+cu130,[],a7bbb6538db129d339385cb7178690ab18263b4638a524408dc4eccd66b79c81,<LOCAL_DRIVE_D>/model_audit_data\experiments\acs-attribute-dp-20260921\run-v1\arms\epsilon-1-seed-20260921\privacy-contract.json,optimizer is non-DP; model inherits conditional attribute-DP solely through cached RR preprocessing,20260921,0.7734,0.47368556354840896,10000,0.856041689469133,0.7736,0.4729137705666162,10000,0.856937366345544,0.7721,0.47429623716949254,10000,0.855823325850924,20262939,18,100,,,,,,,,,,,,,,,,,,,,,,,,,,,,,,,,,,
epsilon-1-seed-20260921,0.7763,0.47827107656481105,0.8587507824846335,D2_100,1.0,random_forest,18631665,e7b02a71103ae118fa53c6b9160cca5dc9b5ffb37d5a01586a7ccf3c51c82985,364,1142ecb81d085caa18d5a8ae43d8c5a4ac2ccaf5b9ac6b6e6536971e46ccba25,cpu,,6,,,1.0819933000020683,"[25056,24944]","[14,3,25,6,7,10,25,20,10,100,2]",classical_income_classifier,random_forest,raw_category_codes_as_ordered_numeric,none; these are non-DP baseline models,1,Caller is responsible for disjoint evaluation rows; this function receives training arrays only.,20263948,"last input column S, explicitly supplied by caller",34cf77139a2aabbb63206ea939032dcdce6aaea3c87f38dfad8da6f718182221,binary_income_Y,6,X_with_S and y only; no separate evaluation input is accepted,50000,2.5.2,3.12.14,1.6.1,2.13.0+cu130,[],1f4615f8356e78930b38aafb0a86144a5c3f55a31e0425214fe0bfd7c22e4b15,<LOCAL_DRIVE_D>/model_audit_data\experiments\acs-attribute-dp-20260921\run-v1\arms\epsilon-1-seed-20260921\privacy-contract.json,optimizer is non-DP; model inherits conditional attribute-DP solely through cached RR preprocessing,20260921,0.7768,0.47572415356404546,10000,0.8578792482194875,0.7741,0.4779447809774656,10000,0.8568633383386748,0.7755,0.4715484212378644,10000,0.8586911560354368,20263948,18,100,,,,,,,,,,,,,,,,,,,,,,,,,,,,,,,,,,
epsilon-1-seed-20260921,0.7746,0.4655942532612243,0.8603920200008834,D1,1.0,extra_trees,23050512,f1b39f2280772739b56cdbabe6bce96d4fd3610bfe1c4848944c30f8434bef5b,364,1142ecb81d085caa18d5a8ae43d8c5a4ac2ccaf5b9ac6b6e6536971e46ccba25,cpu,,6,,,1.077639100025408,"[25056,24944]","[14,3,25,6,7,10,25,20,10,100,2]",classical_income_classifier,extra_trees,raw_category_codes_as_ordered_numeric,none; these are non-DP baseline models,1,Caller is responsible for disjoint evaluation rows; this function receives training arrays only.,20260921,"last input column S, explicitly supplied by caller",34cf77139a2aabbb63206ea939032dcdce6aaea3c87f38dfad8da6f718182221,binary_income_Y,6,X_with_S and y only; no separate evaluation input is accepted,50000,2.5.2,3.12.14,1.6.1,2.13.0+cu130,[],f9c6de412c0e8bb0cee126f113c20797dd24c937c6c4137f6129bb64e8ba29a3,<LOCAL_DRIVE_D>/model_audit_data\experiments\acs-attribute-dp-20260921\run-v1\arms\epsilon-1-seed-20260921\privacy-contract.json,optimizer is non-DP; model inherits conditional attribute-DP solely through cached RR preprocessing,20260921,0.7749,0.46996130482634435,10000,0.8573069663214773,0.7726,0.47060334937367987,10000,0.8567267835689107,0.7745,0.46768689519945145,10000,0.8586008462675323,20260921,18,100,,,,,,,,,,,,,,,,,,,,,,,,,,,,,,,,,,
epsilon-1-seed-20260921,0.7812,0.46765037423056144,0.8599663339586812,D2_0,1.0,extra_trees,22423921,d7b0d56979ee9a391fe606d7e62366ae5d07109a4b7029ffafee074d08e121f4,364,1142ecb81d085caa18d5a8ae43d8c5a4ac2ccaf5b9ac6b6e6536971e46ccba25,cpu,,6,,,1.0513747000368312,"[25089,24911]","[14,3,25,6,7,10,25,20,10,100,2]",classical_income_classifier,extra_trees,raw_category_codes_as_ordered_numeric,none; these are non-DP baseline models,1,Caller is responsible for disjoint evaluation rows; this function receives training arrays only.,20261930,"last input column S, explicitly supplied by caller",34cf77139a2aabbb63206ea939032dcdce6aaea3c87f38dfad8da6f718182221,binary_income_Y,6,X_with_S and y only; no separate evaluation input is accepted,50000,2.5.2,3.12.14,1.6.1,2.13.0+cu130,[],d21ca7c0f2be1257c592e9c150c491c37720a5f33ff90e2926a410330db65e78,<LOCAL_DRIVE_D>/model_audit_data\experiments\acs-attribute-dp-20260921\run-v1\arms\epsilon-1-seed-20260921\privacy-contract.json,optimizer is non-DP; model inherits conditional attribute-DP solely through cached RR preprocessing,20260921,0.7787,0.4692918497967794,10000,0.8585476805171247,0.779,0.46812736512118464,10000,0.8591185222593676,0.7787,0.4690253232989419,10000,0.8587596434430347,20261930,18,100,,,,,,,,,,,,,,,,,,,,,,,,,,,,,,,,,,
epsilon-1-seed-20260921,0.7758,0.4681819520381734,0.8589272015661215,D2_50,1.0,extra_trees,22739960,09feb182931388f6271f81a202962788882f59be0fe68698914e119db8912585,364,1142ecb81d085caa18d5a8ae43d8c5a4ac2ccaf5b9ac6b6e6536971e46ccba25,cpu,,6,,,1.0555153000168502,"[24976,25024]","[14,3,25,6,7,10,25,20,10,100,2]",classical_income_classifier,extra_trees,raw_category_codes_as_ordered_numeric,none; these are non-DP baseline models,1,Caller is responsible for disjoint evaluation rows; this function receives training arrays only.,20262939,"last input column S, explicitly supplied by caller",34cf77139a2aabbb63206ea939032dcdce6aaea3c87f38dfad8da6f718182221,binary_income_Y,6,X_with_S and y only; no separate evaluation input is accepted,50000,2.5.2,3.12.14,1.6.1,2.13.0+cu130,[],1ddb255511d4da1950dfd194578551d2ef61b3ba6015fefec0869de2adbaf914,<LOCAL_DRIVE_D>/model_audit_data\experiments\acs-attribute-dp-20260921\run-v1\arms\epsilon-1-seed-20260921\privacy-contract.json,optimizer is non-DP; model inherits conditional attribute-DP solely through cached RR preprocessing,20260921,0.7749,0.4704802647417154,10000,0.8569536481065791,0.7742,0.47018449960294745,10000,0.857402996708124,0.7753,0.46963344948855446,10000,0.8576356818753517,20262939,18,100,,,,,,,,,,,,,,,,,,,,,,,,,,,,,,,,,,
epsilon-1-seed-20260921,0.7759,0.465918952322523,0.8601964388468257,D2_100,1.0,extra_trees,22906090,336688e155f707241a5369148973893744b841d615a662560bbd37349c3ad8cd,364,1142ecb81d085caa18d5a8ae43d8c5a4ac2ccaf5b9ac6b6e6536971e46ccba25,cpu,,6,,,1.0731452999752946,"[25056,24944]","[14,3,25,6,7,10,25,20,10,100,2]",classical_income_classifier,extra_trees,raw_category_codes_as_ordered_numeric,none; these are non-DP baseline models,1,Caller is responsible for disjoint evaluation rows; this function receives training arrays only.,20263948,"last input column S, explicitly supplied by caller",34cf77139a2aabbb63206ea939032dcdce6aaea3c87f38dfad8da6f718182221,binary_income_Y,6,X_with_S and y only; no separate evaluation input is accepted,50000,2.5.2,3.12.14,1.6.1,2.13.0+cu130,[],313a7688db048cfea2edca4926fcb36eadfe8826e72360b5068872d148e90608,<LOCAL_DRIVE_D>/model_audit_data\experiments\acs-attribute-dp-20260921\run-v1\arms\epsilon-1-seed-20260921\privacy-contract.json,optimizer is non-DP; model inherits conditional attribute-DP solely through cached RR preprocessing,20260921,0.7747,0.46930743137058917,10000,0.8579674977645582,0.7717,0.47034500002411334,10000,0.8569867116827357,0.7755,0.4668291886699076,10000,0.8594104538346867,20263948,18,100,,,,,,,,,,,,,,,,,,,,,,,,,,,,,,,,,,
epsilon-1-seed-20260921,0.7904,0.4451274070340025,0.8734067476738283,D1,1.0,hist_gradient_boosting,203607,7fb8738bc0478c41ceca8f099e755a7ff317af8091ec1a19249a82762dd577b7,365,ab5742d6b86291f53abae479b597104164d49365b842723fb128f01a132d96fb,cpu,,,,,0.28399919997900724,"[25056,24944]","[14,3,25,6,7,10,25,20,10,100,2]",classical_income_classifier,hist_gradient_boosting,native_categorical_fixed_integer_codes,none; these are non-DP baseline models,1,Caller is responsible for disjoint evaluation rows; this function receives training arrays only.,20260921,"last input column S, explicitly supplied by caller",34cf77139a2aabbb63206ea939032dcdce6aaea3c87f38dfad8da6f718182221,binary_income_Y,6,X_with_S and y only; no separate evaluation input is accepted,50000,2.5.2,3.12.14,1.6.1,2.13.0+cu130,[],2141f789e8bbee27ec31507a4fab76134ad2c881a4db567d926586bbe613975d,<LOCAL_DRIVE_D>/model_audit_data\experiments\acs-attribute-dp-20260921\run-v1\arms\epsilon-1-seed-20260921\privacy-contract.json,optimizer is non-DP; model inherits conditional attribute-DP solely through cached RR preprocessing,20260921,0.7899,0.44871619147551683,10000,0.8711172200385194,0.791,0.4481021915710884,10000,0.871499141347128,0.7913,0.44750209177787403,10000,0.8718613605247545,20260921,,,"[true,true,true,true,true,true,true,true,true,true,true]",False,120,31,,,,,,,,,,,,,,,,,,,,,,,,,,,,,,
epsilon-1-seed-20260921,0.7866,0.4486227032057155,0.8709057571666952,D2_0,1.0,hist_gradient_boosting,203416,89c96e66099b3a7fb9c00e5b424d82bb8c1d9b0b0972dc87a1b578c6aaa77cd0,365,ab5742d6b86291f53abae479b597104164d49365b842723fb128f01a132d96fb,cpu,,,,,0.274854899966158,"[25089,24911]","[14,3,25,6,7,10,25,20,10,100,2]",classical_income_classifier,hist_gradient_boosting,native_categorical_fixed_integer_codes,none; these are non-DP baseline models,1,Caller is responsible for disjoint evaluation rows; this function receives training arrays only.,20261930,"last input column S, explicitly supplied by caller",34cf77139a2aabbb63206ea939032dcdce6aaea3c87f38dfad8da6f718182221,binary_income_Y,6,X_with_S and y only; no separate evaluation input is accepted,50000,2.5.2,3.12.14,1.6.1,2.13.0+cu130,[],d16322f34ff10eb1a49c24d1e4b5dd61b98f73ca3c48b60767f13450cd2a47dc,<LOCAL_DRIVE_D>/model_audit_data\experiments\acs-attribute-dp-20260921\run-v1\arms\epsilon-1-seed-20260921\privacy-contract.json,optimizer is non-DP; model inherits conditional attribute-DP solely through cached RR preprocessing,20260921,0.789,0.4484707742160253,10000,0.8710999181671489,0.7896,0.4484851969988905,10000,0.8710627941518154,0.7891,0.44827178226313225,10000,0.8711943283785574,20261930,,,"[true,true,true,true,true,true,true,true,true,true,true]",False,120,31,,,,,,,,,,,,,,,,,,,,,,,,,,,,,,
epsilon-1-seed-20260921,0.7897,0.4459167753128755,0.8728440468121031,D2_50,1.0,hist_gradient_boosting,204725,d8bfd0d5a79a32f566b818fe3e341e31feafb5c2529fe3d6d14c2c8a2129feef,365,ab5742d6b86291f53abae479b597104164d49365b842723fb128f01a132d96fb,cpu,,,,,0.2796460999525152,"[24976,25024]","[14,3,25,6,7,10,25,20,10,100,2]",classical_income_classifier,hist_gradient_boosting,native_categorical_fixed_integer_codes,none; these are non-DP baseline models,1,Caller is responsible for disjoint evaluation rows; this function receives training arrays only.,20262939,"last input column S, explicitly supplied by caller",34cf77139a2aabbb63206ea939032dcdce6aaea3c87f38dfad8da6f718182221,binary_income_Y,6,X_with_S and y only; no separate evaluation input is accepted,50000,2.5.2,3.12.14,1.6.1,2.13.0+cu130,[],ef17ef92b8266f681ed3db5c79fbb5f7904c0b54129bcddf9c127a3d4c2ec1db,<LOCAL_DRIVE_D>/model_audit_data\experiments\acs-attribute-dp-20260921\run-v1\arms\epsilon-1-seed-20260921\privacy-contract.json,optimizer is non-DP; model inherits conditional attribute-DP solely through cached RR preprocessing,20260921,0.7861,0.44889286382812404,10000,0.8707655019966959,0.7893,0.4471118515946908,10000,0.8718246765570163,0.7883,0.4471802735813093,10000,0.8717682104496423,20262939,,,"[true,true,true,true,true,true,true,true,true,true,true]",False,120,31,,,,,,,,,,,,,,,,,,,,,,,,,,,,,,
epsilon-1-seed-20260921,0.7904,0.4451274070340025,0.8734067476738283,D2_100,1.0,hist_gradient_boosting,203610,4052b8e49b06e6bac288a52d366d098e6166171544971f7e3eaffa47f36bddc6,365,ab5742d6b86291f53abae479b597104164d49365b842723fb128f01a132d96fb,cpu,,,,,0.271417299984023,"[25056,24944]","[14,3,25,6,7,10,25,20,10,100,2]",classical_income_classifier,hist_gradient_boosting,native_categorical_fixed_integer_codes,none; these are non-DP baseline models,1,Caller is responsible for disjoint evaluation rows; this function receives training arrays only.,20263948,"last input column S, explicitly supplied by caller",34cf77139a2aabbb63206ea939032dcdce6aaea3c87f38dfad8da6f718182221,binary_income_Y,6,X_with_S and y only; no separate evaluation input is accepted,50000,2.5.2,3.12.14,1.6.1,2.13.0+cu130,[],910ba1aff684e3d3c41b70f803829bafecacedb5a532bc3222509f0a8dfbc500,<LOCAL_DRIVE_D>/model_audit_data\experiments\acs-attribute-dp-20260921\run-v1\arms\epsilon-1-seed-20260921\privacy-contract.json,optimizer is non-DP; model inherits conditional attribute-DP solely through cached RR preprocessing,20260921,0.7899,0.44871619147551683,10000,0.8711172200385194,0.7899,0.4481516274812203,10000,0.871402490893415,0.7913,0.44750209177787403,10000,0.8718613605247545,20263948,,,"[true,true,true,true,true,true,true,true,true,true,true]",False,120,31,,,,,,,,,,,,,,,,,,,,,,,,,,,,,,
epsilon-1-seed-20260921,0.791,0.4444228672489421,0.8735633446113532,D1,1.0,xgboost,173648,69075695be468a49704ed162e1f57a56416f86037edde1fddbfc2ddbf1596635,364,1142ecb81d085caa18d5a8ae43d8c5a4ac2ccaf5b9ac6b6e6536971e46ccba25,cpu,,6,,,0.22127959999488667,"[25056,24944]","[14,3,25,6,7,10,25,20,10,100,2]",classical_income_classifier,xgboost,raw_category_codes_as_ordered_numeric,none; these are non-DP baseline models,1,Caller is responsible for disjoint evaluation rows; this function receives training arrays only.,20260921,"last input column S, explicitly supplied by caller",34cf77139a2aabbb63206ea939032dcdce6aaea3c87f38dfad8da6f718182221,binary_income_Y,6,X_with_S and y only; no separate evaluation input is accepted,50000,2.5.2,3.12.14,1.6.1,2.13.0+cu130,[],b2375e5b9590cf139e1e070d5880ffeb9b69ea513ce55477885ec2e541e586ca,<LOCAL_DRIVE_D>/model_audit_data\experiments\acs-attribute-dp-20260921\run-v1\arms\epsilon-1-seed-20260921\privacy-contract.json,optimizer is non-DP; model inherits conditional attribute-DP solely through cached RR preprocessing,20260921,0.79,0.4443729298626674,10000,0.8734994777035086,0.7904,0.4437134013490869,10000,0.873933704669497,0.7913,0.4433123393602973,10000,0.8741470277425205,20260921,6,120,,,,,logloss,0.1,binary:logistic,hist,2.1.4,,,,,,,,,,,,,,,,,,,,,,,,,
epsilon-1-seed-20260921,0.7883,0.4481490328078783,0.8712815378111296,D2_0,1.0,xgboost,176506,a7468c6bb3e749714753be472da7334930c837323e64eb2a5724a6aa935aae06,364,1142ecb81d085caa18d5a8ae43d8c5a4ac2ccaf5b9ac6b6e6536971e46ccba25,cpu,,6,,,0.12705559999449179,"[25089,24911]","[14,3,25,6,7,10,25,20,10,100,2]",classical_income_classifier,xgboost,raw_category_codes_as_ordered_numeric,none; these are non-DP baseline models,1,Caller is responsible for disjoint evaluation rows; this function receives training arrays only.,20261930,"last input column S, explicitly supplied by caller",34cf77139a2aabbb63206ea939032dcdce6aaea3c87f38dfad8da6f718182221,binary_income_Y,6,X_with_S and y only; no separate evaluation input is accepted,50000,2.5.2,3.12.14,1.6.1,2.13.0+cu130,[],6982de13772635bbf0410105067bdefab7a5877bf9f432e0b6ec8e425175dded,<LOCAL_DRIVE_D>/model_audit_data\experiments\acs-attribute-dp-20260921\run-v1\arms\epsilon-1-seed-20260921\privacy-contract.json,optimizer is non-DP; model inherits conditional attribute-DP solely through cached RR preprocessing,20260921,0.7861,0.44955451336620245,10000,0.8701343337295362,0.7858,0.44955176067043323,10000,0.8701814188222597,0.7865,0.44914408283830254,10000,0.8704379065639739,20261930,6,120,,,,,logloss,0.1,binary:logistic,hist,2.1.4,,,,,,,,,,,,,,,,,,,,,,,,,
epsilon-1-seed-20260921,0.79,0.4446762645199261,0.8733590025097115,D2_50,1.0,xgboost,175408,3e9576c7b16ac057d7e224d28a58b906b5522f412c32709e5122dd8cb00df954,364,1142ecb81d085caa18d5a8ae43d8c5a4ac2ccaf5b9ac6b6e6536971e46ccba25,cpu,,6,,,0.1620763000100851,"[24976,25024]","[14,3,25,6,7,10,25,20,10,100,2]",classical_income_classifier,xgboost,raw_category_codes_as_ordered_numeric,none; these are non-DP baseline models,1,Caller is responsible for disjoint evaluation rows; this function receives training arrays only.,20262939,"last input column S, explicitly supplied by caller",34cf77139a2aabbb63206ea939032dcdce6aaea3c87f38dfad8da6f718182221,binary_income_Y,6,X_with_S and y only; no separate evaluation input is accepted,50000,2.5.2,3.12.14,1.6.1,2.13.0+cu130,[],99c1f51228e825b0b5af41190939950d9c9c361c71323e06e0da7a9df6fa1271,<LOCAL_DRIVE_D>/model_audit_data\experiments\acs-attribute-dp-20260921\run-v1\arms\epsilon-1-seed-20260921\privacy-contract.json,optimizer is non-DP; model inherits conditional attribute-DP solely through cached RR preprocessing,20260921,0.7867,0.4462205491305782,10000,0.8722402015001942,0.7883,0.44541858782824084,10000,0.8728413865243665,0.788,0.4450688045505246,10000,0.8730031440200572,20262939,6,120,,,,,logloss,0.1,binary:logistic,hist,2.1.4,,,,,,,,,,,,,,,,,,,,,,,,,
epsilon-1-seed-20260921,0.791,0.4444228672489421,0.8735633446113532,D2_100,1.0,xgboost,173648,e4ffe51e17733db4b5167726fcc4fbe982abe0f399a7e391fc2136d6f461e6ef,364,1142ecb81d085caa18d5a8ae43d8c5a4ac2ccaf5b9ac6b6e6536971e46ccba25,cpu,,6,,,0.13167909998446703,"[25056,24944]","[14,3,25,6,7,10,25,20,10,100,2]",classical_income_classifier,xgboost,raw_category_codes_as_ordered_numeric,none; these are non-DP baseline models,1,Caller is responsible for disjoint evaluation rows; this function receives training arrays only.,20263948,"last input column S, explicitly supplied by caller",34cf77139a2aabbb63206ea939032dcdce6aaea3c87f38dfad8da6f718182221,binary_income_Y,6,X_with_S and y only; no separate evaluation input is accepted,50000,2.5.2,3.12.14,1.6.1,2.13.0+cu130,[],6ef3166b536fe346ab91037e23cdecadd23a24e2a83fa76657a1172d1e35378f,<LOCAL_DRIVE_D>/model_audit_data\experiments\acs-attribute-dp-20260921\run-v1\arms\epsilon-1-seed-20260921\privacy-contract.json,optimizer is non-DP; model inherits conditional attribute-DP solely through cached RR preprocessing,20260921,0.79,0.4443729298626674,10000,0.8734994777035086,0.7916,0.4441622053384451,10000,0.8735998085552933,0.7913,0.4433123393602973,10000,0.8741470277425205,20263948,6,120,,,,,logloss,0.1,binary:logistic,hist,2.1.4,,,,,,,,,,,,,,,,,,,,,,,,,
epsilon-1-seed-20260921,0.7892,0.45464309237785216,0.8676198417620851,D1,1.0,logistic_regression,3081,bbb8c30e5d7c8cc9bf7184ed31eff7728661e0df4e7da6bfc98150b417c9f59f,351,e8afbf8267f033a48fbd646e821a0b017de471a3e6015be2bec1d4b8ef458ef6,cpu,,,,,0.12987480004085228,"[25056,24944]","[14,3,25,6,7,10,25,20,10,100,2]",classical_income_classifier,logistic_regression,fixed_vocabulary_one_hot,none; these are non-DP baseline models,1,Caller is responsible for disjoint evaluation rows; this function receives training arrays only.,20260921,"last input column S, explicitly supplied by caller",34cf77139a2aabbb63206ea939032dcdce6aaea3c87f38dfad8da6f718182221,binary_income_Y,6,X_with_S and y only; no separate evaluation input is accepted,50000,2.5.2,3.12.14,1.6.1,2.13.0+cu130,"[{""category"":""OptimizeWarning"",""message"":""Unknown solver options: iprint""}]",16fc5cba30f385e8c400e30cb098150ae842b43cad7e0708f859b47efcfd131a,<LOCAL_DRIVE_D>/model_audit_data\experiments\acs-attribute-dp-20260921\run-v1\arms\epsilon-1-seed-20260921\privacy-contract.json,optimizer is non-DP; model inherits conditional attribute-DP solely through cached RR preprocessing,20260921,0.789,0.4561126838821364,10000,0.8667354861101777,0.7891,0.45570810552273416,10000,0.8670190967855083,0.7892,0.4550918196983878,10000,0.8673350509591118,20260921,,,,,300,,,,,,,1.0,,,,,,,,,,,,,,,,,,,,,,,,
epsilon-1-seed-20260921,0.7891,0.454877538708178,0.867409859050355,D2_0,1.0,logistic_regression,3070,a4388b5c83dac0d773b60f51f4d364f1b1feba10aaf065287ba647763b37e9bd,351,e8afbf8267f033a48fbd646e821a0b017de471a3e6015be2bec1d4b8ef458ef6,cpu,,,,,0.16855459997896105,"[25089,24911]","[14,3,25,6,7,10,25,20,10,100,2]",classical_income_classifier,logistic_regression,fixed_vocabulary_one_hot,none; these are non-DP baseline models,1,Caller is responsible for disjoint evaluation rows; this function receives training arrays only.,20261930,"last input column S, explicitly supplied by caller",34cf77139a2aabbb63206ea939032dcdce6aaea3c87f38dfad8da6f718182221,binary_income_Y,6,X_with_S and y only; no separate evaluation input is accepted,50000,2.5.2,3.12.14,1.6.1,2.13.0+cu130,"[{""category"":""OptimizeWarning"",""message"":""Unknown solver options: iprint""}]",ab1a1f97001d330f86dbf25dee4539d8075bfb91c3ae079c008d98707bde64a9,<LOCAL_DRIVE_D>/model_audit_data\experiments\acs-attribute-dp-20260921\run-v1\arms\epsilon-1-seed-20260921\privacy-contract.json,optimizer is non-DP; model inherits conditional attribute-DP solely through cached RR preprocessing,20260921,0.7881,0.4561503139593755,10000,0.8666118327358285,0.7882,0.4559810715104517,10000,0.866691941400382,0.7892,0.4556014988603891,10000,0.8669223263188146,20261930,,,,,300,,,,,,,1.0,,,,,,,,,,,,,,,,,,,,,,,,
epsilon-1-seed-20260921,0.7884,0.45419655655869073,0.867938316208281,D2_50,1.0,logistic_regression,3068,28c683621884dabacdd9429f2e23e7b4b57e64e6e56738ec1caf5aef343e7fea,351,e8afbf8267f033a48fbd646e821a0b017de471a3e6015be2bec1d4b8ef458ef6,cpu,,,,,0.15805759996874258,"[24976,25024]","[14,3,25,6,7,10,25,20,10,100,2]",classical_income_classifier,logistic_regression,fixed_vocabulary_one_hot,none; these are non-DP baseline models,1,Caller is responsible for disjoint evaluation rows; this function receives training arrays only.,20262939,"last input column S, explicitly supplied by caller",34cf77139a2aabbb63206ea939032dcdce6aaea3c87f38dfad8da6f718182221,binary_income_Y,6,X_with_S and y only; no separate evaluation input is accepted,50000,2.5.2,3.12.14,1.6.1,2.13.0+cu130,"[{""category"":""OptimizeWarning"",""message"":""Unknown solver options: iprint""}]",56c2b0dbeeff5cb0f22338c167df3b6c3afc1dacdf37efc130c79bebdfe3f881,<LOCAL_DRIVE_D>/model_audit_data\experiments\acs-attribute-dp-20260921\run-v1\arms\epsilon-1-seed-20260921\privacy-contract.json,optimizer is non-DP; model inherits conditional attribute-DP solely through cached RR preprocessing,20260921,0.7885,0.4557810265556023,10000,0.8668993838373559,0.7893,0.45496744239984593,10000,0.8673893168285083,0.7884,0.4547441495135369,10000,0.8674741860079587,20262939,,,,,300,,,,,,,1.0,,,,,,,,,,,,,,,,,,,,,,,,
epsilon-1-seed-20260921,0.7892,0.45464309237785216,0.8676198417620851,D2_100,1.0,logistic_regression,3081,463eae1a1e4d7a40e666a83ee93db5b21aad491cb08161026ac3e62768d05126,351,e8afbf8267f033a48fbd646e821a0b017de471a3e6015be2bec1d4b8ef458ef6,cpu,,,,,0.14165939996019006,"[25056,24944]","[14,3,25,6,7,10,25,20,10,100,2]",classical_income_classifier,logistic_regression,fixed_vocabulary_one_hot,none; these are non-DP baseline models,1,Caller is responsible for disjoint evaluation rows; this function receives training arrays only.,20263948,"last input column S, explicitly supplied by caller",34cf77139a2aabbb63206ea939032dcdce6aaea3c87f38dfad8da6f718182221,binary_income_Y,6,X_with_S and y only; no separate evaluation input is accepted,50000,2.5.2,3.12.14,1.6.1,2.13.0+cu130,"[{""category"":""OptimizeWarning"",""message"":""Unknown solver options: iprint""}]",a3f35879470e927ce0f5a2089e6ccad09e90bb44b4353ce043ce5c872751b00b,<LOCAL_DRIVE_D>/model_audit_data\experiments\acs-attribute-dp-20260921\run-v1\arms\epsilon-1-seed-20260921\privacy-contract.json,optimizer is non-DP; model inherits conditional attribute-DP solely through cached RR preprocessing,20260921,0.789,0.4561126838821364,10000,0.8667354861101777,0.7891,0.45564869787015194,10000,0.8669664310891866,0.7892,0.4550918196983878,10000,0.8673350509591118,20263948,,,,,300,,,,,,,1.0,,,,,,,,,,,,,,,,,,,,,,,,
epsilon-1-seed-20260921,0.7493,1.1504411122654576,0.8051143811714675,D1,1.0,mlp,558641,2f241bbfda9525379f0c7725cd6b738ecb9d79789e2eb3e838eb07ca45094b74,351,e8afbf8267f033a48fbd646e821a0b017de471a3e6015be2bec1d4b8ef458ef6,cpu,,,,,14.343294400023296,"[25056,24944]","[14,3,25,6,7,10,25,20,10,100,2]",classical_income_classifier,mlp,fixed_vocabulary_one_hot,none; these are non-DP baseline models,1,Caller is responsible for disjoint evaluation rows; this function receives training arrays only.,20260921,"last input column S, explicitly supplied by caller",34cf77139a2aabbb63206ea939032dcdce6aaea3c87f38dfad8da6f718182221,binary_income_Y,6,X_with_S and y only; no separate evaluation input is accepted,50000,2.5.2,3.12.14,1.6.1,2.13.0+cu130,"[{""category"":""ConvergenceWarning"",""message"":""Stochastic Optimizer: Maximum iterations (100) reached and the optimization hasn't converged yet.""}]",8215410b0b6ed2a4e9f1417a5b047bdb9bd3d503f9fa5b8db96ccba4a2e786f7,<LOCAL_DRIVE_D>/model_audit_data\experiments\acs-attribute-dp-20260921\run-v1\arms\epsilon-1-seed-20260921\privacy-contract.json,optimizer is non-DP; model inherits conditional attribute-DP solely through cached RR preprocessing,20260921,0.7418,1.1713426027982534,10000,0.7980108728560081,0.7431,1.1680884599928918,10000,0.7998665535664338,0.7431,1.1701873460869603,10000,0.7985610323612602,20260921,,,,False,100,,,,,,,,512,"[128,64]",,,,,,,,,,,,,,,,,,,,,,
epsilon-1-seed-20260921,0.7397,1.0584794247574223,0.7979508663657061,D2_0,1.0,mlp,558456,02113f8f6522d3fc3e6c55fcaa0c33f5ea4b4f31f1fb2812f8fda7ba6c349e21,351,e8afbf8267f033a48fbd646e821a0b017de471a3e6015be2bec1d4b8ef458ef6,cpu,,,,,14.112378099991474,"[25089,24911]","[14,3,25,6,7,10,25,20,10,100,2]",classical_income_classifier,mlp,fixed_vocabulary_one_hot,none; these are non-DP baseline models,1,Caller is responsible for disjoint evaluation rows; this function receives training arrays only.,20261930,"last input column S, explicitly supplied by caller",34cf77139a2aabbb63206ea939032dcdce6aaea3c87f38dfad8da6f718182221,binary_income_Y,6,X_with_S and y only; no separate evaluation input is accepted,50000,2.5.2,3.12.14,1.6.1,2.13.0+cu130,"[{""category"":""ConvergenceWarning"",""message"":""Stochastic Optimizer: Maximum iterations (100) reached and the optimization hasn't converged yet.""}]",ba79693bf66ee061795b7a1aa11904889bdf6d0b3e5176dbd2069d21fa8d5e44,<LOCAL_DRIVE_D>/model_audit_data\experiments\acs-attribute-dp-20260921\run-v1\arms\epsilon-1-seed-20260921\privacy-contract.json,optimizer is non-DP; model inherits conditional attribute-DP solely through cached RR preprocessing,20260921,0.734,1.0668052425465084,10000,0.7957622296427582,0.7325,1.0758793137599656,10000,0.7935094859860043,0.7336,1.0637954146635213,10000,0.7960911452182668,20261930,,,,False,100,,,,,,,,512,"[128,64]",,,,,,,,,,,,,,,,,,,,,,
epsilon-1-seed-20260921,0.7393,1.1819146324686118,0.7920142642628227,D2_50,1.0,mlp,558521,c1a199b9707bcd7d05c1c0cdc7eef079a01befbf676bf06d8246fca303dfa9ac,351,e8afbf8267f033a48fbd646e821a0b017de471a3e6015be2bec1d4b8ef458ef6,cpu,,,,,15.29861900000833,"[24976,25024]","[14,3,25,6,7,10,25,20,10,100,2]",classical_income_classifier,mlp,fixed_vocabulary_one_hot,none; these are non-DP baseline models,1,Caller is responsible for disjoint evaluation rows; this function receives training arrays only.,20262939,"last input column S, explicitly supplied by caller",34cf77139a2aabbb63206ea939032dcdce6aaea3c87f38dfad8da6f718182221,binary_income_Y,6,X_with_S and y only; no separate evaluation input is accepted,50000,2.5.2,3.12.14,1.6.1,2.13.0+cu130,"[{""category"":""ConvergenceWarning"",""message"":""Stochastic Optimizer: Maximum iterations (100) reached and the optimization hasn't converged yet.""}]",b2888b0c1b716eb9fdcfa3e69058197b6a6d2b5030263a0ab0ac58facac2c8b5,<LOCAL_DRIVE_D>/model_audit_data\experiments\acs-attribute-dp-20260921\run-v1\arms\epsilon-1-seed-20260921\privacy-contract.json,optimizer is non-DP; model inherits conditional attribute-DP solely through cached RR preprocessing,20260921,0.7339,1.200868036629805,10000,0.795290138581389,0.7356,1.2036517070689232,10000,0.7954848396402556,0.7355,1.2107454677586686,10000,0.7966079011105841,20262939,,,,False,100,,,,,,,,512,"[128,64]",,,,,,,,,,,,,,,,,,,,,,
epsilon-1-seed-20260921,0.7438,1.057494797514055,0.8056839827795774,D2_100,1.0,mlp,558695,0bbc0fb520f58eefa1fc890a5963b7c6413bf786bc893e049d6031330b429d48,351,e8afbf8267f033a48fbd646e821a0b017de471a3e6015be2bec1d4b8ef458ef6,cpu,,,,,15.322229699988384,"[25056,24944]","[14,3,25,6,7,10,25,20,10,100,2]",classical_income_classifier,mlp,fixed_vocabulary_one_hot,none; these are non-DP baseline models,1,Caller is responsible for disjoint evaluation rows; this function receives training arrays only.,20263948,"last input column S, explicitly supplied by caller",34cf77139a2aabbb63206ea939032dcdce6aaea3c87f38dfad8da6f718182221,binary_income_Y,6,X_with_S and y only; no separate evaluation input is accepted,50000,2.5.2,3.12.14,1.6.1,2.13.0+cu130,"[{""category"":""ConvergenceWarning"",""message"":""Stochastic Optimizer: Maximum iterations (100) reached and the optimization hasn't converged yet.""}]",734d5e718d825fc220adf7b8463db6d08476daae77c4f1eb7300b3abc17cbbf5,<LOCAL_DRIVE_D>/model_audit_data\experiments\acs-attribute-dp-20260921\run-v1\arms\epsilon-1-seed-20260921\privacy-contract.json,optimizer is non-DP; model inherits conditional attribute-DP solely through cached RR preprocessing,20260921,0.7405,1.1108797192420476,10000,0.8016037814650032,0.7382,1.1305620496155715,10000,0.798486864339247,0.742,1.1035131470591115,10000,0.8024690550529946,20263948,,,,False,100,,,,,,,,512,"[128,64]",,,,,,,,,,,,,,,,,,,,,,
epsilon-1-seed-20260921,0.7898,0.4481652368072662,0.871711884357412,D1,1.0,slm_small,,,604,079484de113f220568266c360aa0d8f9f2d69d58f22c5b857d60fa937a86092c,cuda,,,,,7.0746823999797925,"[25056,24944]","[14,3,25,6,7,10,25,20,10,100,2]",scratch_causal_record_language_model,slm_small,,none; these are non-DP baseline models,1,Caller is responsible for disjoint evaluation rows; this function receives training arrays only.,20260921,"last input column S, explicitly supplied by caller",34cf77139a2aabbb63206ea939032dcdce6aaea3c87f38dfad8da6f718182221,binary_income_Y,6,X_with_S and y only; no separate evaluation input is accepted,50000,2.5.2,3.12.14,1.6.1,2.13.0+cu130,[],543251e3ee90beab7e3032eae21d5090f7e5d96e9020c62293d042ab78a278a2,<LOCAL_DRIVE_D>/model_audit_data\experiments\acs-attribute-dp-20260921\run-v1\arms\epsilon-1-seed-20260921\privacy-contract.json,optimizer is non-DP; model inherits conditional attribute-DP solely through cached RR preprocessing,20260921,0.7863,0.4499975772667336,10000,0.8705896429757845,0.7867,0.44945082928959634,10000,0.87090869748472,0.7869,0.4490268324558645,10000,0.8713958701773185,,,,,,,,,,,,,,,,bfloat16,5712040,db1d9e480b20b8d4ef082c89e303a044b5b6a5febed42b4816bb936521735696,True,512,192,768,0.1,0.0003,6,3,1024,0.01,seeded training and minibatch shuffle; bitwise determinism across hardware/runtimes is not asserted,NVIDIA GeForce RTX 5080 Laptop GPU,"[2.0782118745422364,1.2147536497879028,1.1642161506652833,1.1476920797729493,1.1390863049316406,1.1340977597045898,1.130943397293091,1.1282732527923585]","[1.2636019999627024,0.7185028999811038,0.6733254999853671,0.6973996000015177,0.699387900007423,0.7082838999922387,0.7241411000140943,0.7168729000259191]",8,"softmax restricted to Y=0 and Y=1 logits after [BOS, X_1,...,X_10,S]",1381248,"softmax restricted to S=0 and S=1 logits after [BOS,X_1,...,X_10]","autoregressive next-token cross-entropy over every next token, including covariates, S, Y, and EOS"
epsilon-1-seed-20260921,0.7887,0.4526808066766687,0.8713124411536353,D2_0,1.0,slm_small,,,604,079484de113f220568266c360aa0d8f9f2d69d58f22c5b857d60fa937a86092c,cuda,,,,,5.703893999976572,"[25089,24911]","[14,3,25,6,7,10,25,20,10,100,2]",scratch_causal_record_language_model,slm_small,,none; these are non-DP baseline models,1,Caller is responsible for disjoint evaluation rows; this function receives training arrays only.,20261930,"last input column S, explicitly supplied by caller",34cf77139a2aabbb63206ea939032dcdce6aaea3c87f38dfad8da6f718182221,binary_income_Y,6,X_with_S and y only; no separate evaluation input is accepted,50000,2.5.2,3.12.14,1.6.1,2.13.0+cu130,[],44334f1a804cf7aa772727232db1ed35efc2da1fe77a7b7da7c0ffcebe0f7ef4,<LOCAL_DRIVE_D>/model_audit_data\experiments\acs-attribute-dp-20260921\run-v1\arms\epsilon-1-seed-20260921\privacy-contract.json,optimizer is non-DP; model inherits conditional attribute-DP solely through cached RR preprocessing,20260921,0.7853,0.4541359238476708,10000,0.8705945035014988,0.7848,0.4540088756423094,10000,0.8706487293665683,0.785,0.4536714411372648,10000,0.8710709550344964,,,,,,,,,,,,,,,,bfloat16,5712040,16300dd6686d51a3a1aab1b9838a344bbf22ff258f0848ffe6ae1ff684614b55,True,512,192,768,0.1,0.0003,6,3,1024,0.01,seeded training and minibatch shuffle; bitwise determinism across hardware/runtimes is not asserted,NVIDIA GeForce RTX 5080 Laptop GPU,"[2.051763137550354,1.2169232318878174,1.1660295991897582,1.1493771895217895,1.1407376358795167,1.1350069706726074,1.132128010635376,1.1287194285583495]","[0.7399701999966055,0.7213393000420183,0.7157683999976143,0.726888399978634,0.7317432000418194,0.6712428000173531,0.6766056999913417,0.682368999987375]",8,"softmax restricted to Y=0 and Y=1 logits after [BOS, X_1,...,X_10,S]",1381248,"softmax restricted to S=0 and S=1 logits after [BOS,X_1,...,X_10]","autoregressive next-token cross-entropy over every next token, including covariates, S, Y, and EOS"
epsilon-1-seed-20260921,0.7842,0.4504539041645377,0.8719576509395257,D2_50,1.0,slm_small,,,604,079484de113f220568266c360aa0d8f9f2d69d58f22c5b857d60fa937a86092c,cuda,,,,,5.984903500007931,"[24976,25024]","[14,3,25,6,7,10,25,20,10,100,2]",scratch_causal_record_language_model,slm_small,,none; these are non-DP baseline models,1,Caller is responsible for disjoint evaluation rows; this function receives training arrays only.,20262939,"last input column S, explicitly supplied by caller",34cf77139a2aabbb63206ea939032dcdce6aaea3c87f38dfad8da6f718182221,binary_income_Y,6,X_with_S and y only; no separate evaluation input is accepted,50000,2.5.2,3.12.14,1.6.1,2.13.0+cu130,[],433f76098bda1eaeeffc630b7e14d190f512fb3c699b0f643763b0d4f9ee6b4a,<LOCAL_DRIVE_D>/model_audit_data\experiments\acs-attribute-dp-20260921\run-v1\arms\epsilon-1-seed-20260921\privacy-contract.json,optimizer is non-DP; model inherits conditional attribute-DP solely through cached RR preprocessing,20260921,0.7843,0.45226137795604165,10000,0.8707647619166489,0.7863,0.45136611005790145,10000,0.8713663269819264,0.7858,0.4518691118464765,10000,0.8715004614899148,,,,,,,,,,,,,,,,bfloat16,5712040,935c83a66f4c02de8740147a8d6bee560c6b2cf9c9f71d9760f7119ff7150fdc,True,512,192,768,0.1,0.0003,6,3,1024,0.01,seeded training and minibatch shuffle; bitwise determinism across hardware/runtimes is not asserted,NVIDIA GeForce RTX 5080 Laptop GPU,"[2.0496144372177123,1.2144416429901124,1.1648574934768676,1.1481706560516358,1.1396195530700683,1.1345604015350341,1.1313338109970092,1.1287521007919312]","[0.7184407999739051,0.7251176999998279,0.7427830000524409,0.7448507000226527,0.7509795000078157,0.7630173999932595,0.7683935999521054,0.7346533000236377]",8,"softmax restricted to Y=0 and Y=1 logits after [BOS, X_1,...,X_10,S]",1381248,"softmax restricted to S=0 and S=1 logits after [BOS,X_1,...,X_10]","autoregressive next-token cross-entropy over every next token, including covariates, S, Y, and EOS"
epsilon-1-seed-20260921,0.7898,0.4465624465586774,0.8726917503397167,D2_100,1.0,slm_small,,,604,079484de113f220568266c360aa0d8f9f2d69d58f22c5b857d60fa937a86092c,cuda,,,,,5.921409400005359,"[25056,24944]","[14,3,25,6,7,10,25,20,10,100,2]",scratch_causal_record_language_model,slm_small,,none; these are non-DP baseline models,1,Caller is responsible for disjoint evaluation rows; this function receives training arrays only.,20263948,"last input column S, explicitly supplied by caller",34cf77139a2aabbb63206ea939032dcdce6aaea3c87f38dfad8da6f718182221,binary_income_Y,6,X_with_S and y only; no separate evaluation input is accepted,50000,2.5.2,3.12.14,1.6.1,2.13.0+cu130,[],2b81f6405f14b8e84b7f2d8f1fd99ff43880d3638830064517def4671a956e3b,<LOCAL_DRIVE_D>/model_audit_data\experiments\acs-attribute-dp-20260921\run-v1\arms\epsilon-1-seed-20260921\privacy-contract.json,optimizer is non-DP; model inherits conditional attribute-DP solely through cached RR preprocessing,20260921,0.7881,0.447868161617433,10000,0.8715576076708458,0.788,0.44746123927086173,10000,0.8717943932815774,0.7883,0.4473377349992389,10000,0.8721115475849868,,,,,,,,,,,,,,,,bfloat16,5712040,34ed0f2bf2b0639498905ae7e9c7398ef4e637f711edd582a63a74a2d07be3cc,True,512,192,768,0.1,0.0003,6,3,1024,0.01,seeded training and minibatch shuffle; bitwise determinism across hardware/runtimes is not asserted,NVIDIA GeForce RTX 5080 Laptop GPU,"[2.0863129696273806,1.2152752547836303,1.164460064353943,1.147693808555603,1.138856000061035,1.1340946486282348,1.1306453290176393,1.1279170082092285]","[0.7496739000198431,0.7234398999717087,0.7343754000030458,0.7378586000413634,0.730359099979978,0.7280506999813952,0.7280160999507643,0.7518684999668039]",8,"softmax restricted to Y=0 and Y=1 logits after [BOS, X_1,...,X_10,S]",1381248,"softmax restricted to S=0 and S=1 logits after [BOS,X_1,...,X_10]","autoregressive next-token cross-entropy over every next token, including covariates, S, Y, and EOS"
epsilon-1-seed-20260921,0.7911,0.44669966340148803,0.8724645857695968,D1,1.0,slm_medium,,,604,079484de113f220568266c360aa0d8f9f2d69d58f22c5b857d60fa937a86092c,cuda,,,,,7.834641699970234,"[25056,24944]","[14,3,25,6,7,10,25,20,10,100,2]",scratch_causal_record_language_model,slm_medium,,none; these are non-DP baseline models,1,Caller is responsible for disjoint evaluation rows; this function receives training arrays only.,20260921,"last input column S, explicitly supplied by caller",34cf77139a2aabbb63206ea939032dcdce6aaea3c87f38dfad8da6f718182221,binary_income_Y,6,X_with_S and y only; no separate evaluation input is accepted,50000,2.5.2,3.12.14,1.6.1,2.13.0+cu130,[],4b752b628131d8b90592fddcbdcca70bbfaf45d1e886ef13a011dd5794d86d42,<LOCAL_DRIVE_D>/model_audit_data\experiments\acs-attribute-dp-20260921\run-v1\arms\epsilon-1-seed-20260921\privacy-contract.json,optimizer is non-DP; model inherits conditional attribute-DP solely through cached RR preprocessing,20260921,0.7874,0.44880552273406593,10000,0.8710346511078639,0.7891,0.4480445189996873,10000,0.8715521070759014,0.7893,0.4472960947593572,10000,0.8720513810773773,,,,,,,,,,,,,,,,bfloat16,13133892,75bfd920f0f40e48a7247a0f0cebefb7d5a8271197327e1c7b091a32429d48e4,True,512,256,1024,0.1,0.0003,8,4,1024,0.01,seeded training and minibatch shuffle; bitwise determinism across hardware/runtimes is not asserted,NVIDIA GeForce RTX 5080 Laptop GPU,"[1.7276133391952515,1.177414220352173,1.1478243354034423,1.1374203429412841,1.1316267563247682,1.1282371055984497,1.1256406749725343,1.123619799003601]","[0.9745479999692179,0.939108699967619,0.9659636000287719,0.9624293999513611,0.991487999970559,0.9743141999933869,0.9924662999692373,0.983152800006792]",8,"softmax restricted to Y=0 and Y=1 logits after [BOS, X_1,...,X_10,S]",3221248,"softmax restricted to S=0 and S=1 logits after [BOS,X_1,...,X_10]","autoregressive next-token cross-entropy over every next token, including covariates, S, Y, and EOS"
epsilon-1-seed-20260921,0.7866,0.4514167627117309,0.8709307198666608,D2_0,1.0,slm_medium,,,604,079484de113f220568266c360aa0d8f9f2d69d58f22c5b857d60fa937a86092c,cuda,,,,,8.190677899983712,"[25089,24911]","[14,3,25,6,7,10,25,20,10,100,2]",scratch_causal_record_language_model,slm_medium,,none; these are non-DP baseline models,1,Caller is responsible for disjoint evaluation rows; this function receives training arrays only.,20261930,"last input column S, explicitly supplied by caller",34cf77139a2aabbb63206ea939032dcdce6aaea3c87f38dfad8da6f718182221,binary_income_Y,6,X_with_S and y only; no separate evaluation input is accepted,50000,2.5.2,3.12.14,1.6.1,2.13.0+cu130,[],a1b54a8cee71f3656a545cb8904a45ac49b13ad5320295d1b8b31e9ac3028ed3,<LOCAL_DRIVE_D>/model_audit_data\experiments\acs-attribute-dp-20260921\run-v1\arms\epsilon-1-seed-20260921\privacy-contract.json,optimizer is non-DP; model inherits conditional attribute-DP solely through cached RR preprocessing,20260921,0.786,0.4522331231829565,10000,0.870424085069041,0.7854,0.45199057733163456,10000,0.8705853625128094,0.7861,0.4516697057849502,10000,0.8708702533265998,,,,,,,,,,,,,,,,bfloat16,13133892,5141ca7b18adb3179cec547c46caea718e419a2cf528c6518ff6f3e1178082bb,True,512,256,1024,0.1,0.0003,8,4,1024,0.01,seeded training and minibatch shuffle; bitwise determinism across hardware/runtimes is not asserted,NVIDIA GeForce RTX 5080 Laptop GPU,"[1.7459965943145752,1.1791473379516602,1.1492124631118774,1.138230275039673,1.1334726081085205,1.128997113304138,1.127372515411377,1.1246590061569215]","[1.1181797999888659,0.9913137999828905,1.0154140999657102,0.9968012999743223,0.9920174999861047,0.9927133999881335,1.0153060000156984,1.0167440000222996]",8,"softmax restricted to Y=0 and Y=1 logits after [BOS, X_1,...,X_10,S]",3221248,"softmax restricted to S=0 and S=1 logits after [BOS,X_1,...,X_10]","autoregressive next-token cross-entropy over every next token, including covariates, S, Y, and EOS"
epsilon-1-seed-20260921,0.7876,0.4477714425990288,0.8731522001419674,D2_50,1.0,slm_medium,,,604,079484de113f220568266c360aa0d8f9f2d69d58f22c5b857d60fa937a86092c,cuda,,,,,7.90861780004343,"[24976,25024]","[14,3,25,6,7,10,25,20,10,100,2]",scratch_causal_record_language_model,slm_medium,,none; these are non-DP baseline models,1,Caller is responsible for disjoint evaluation rows; this function receives training arrays only.,20262939,"last input column S, explicitly supplied by caller",34cf77139a2aabbb63206ea939032dcdce6aaea3c87f38dfad8da6f718182221,binary_income_Y,6,X_with_S and y only; no separate evaluation input is accepted,50000,2.5.2,3.12.14,1.6.1,2.13.0+cu130,[],a2ab26b4b4d04ddb6e9a2a83d24f2b90b675eac23188622eeb306a76d7530982,<LOCAL_DRIVE_D>/model_audit_data\experiments\acs-attribute-dp-20260921\run-v1\arms\epsilon-1-seed-20260921\privacy-contract.json,optimizer is non-DP; model inherits conditional attribute-DP solely through cached RR preprocessing,20260921,0.786,0.4497097833217159,10000,0.8724113200083722,0.7877,0.44889883364422756,10000,0.8729728607446181,0.787,0.44938411361953706,10000,0.8730516292642212,,,,,,,,,,,,,,,,bfloat16,13133892,9a3f91365d9c4980d24e72d53a6aa8445fba3b3d6c107b8989e01436f6c5bd10,True,512,256,1024,0.1,0.0003,8,4,1024,0.01,seeded training and minibatch shuffle; bitwise determinism across hardware/runtimes is not asserted,NVIDIA GeForce RTX 5080 Laptop GPU,"[1.7399723036956787,1.1774248514175416,1.148054109802246,1.1379551753997803,1.1325280920791625,1.1289203286743164,1.1268589577102661,1.1246074591827393]","[1.096135800005868,0.9894639999838546,0.9768542999518104,0.9414964999887161,0.9644745999830775,0.9728235999937169,0.9586044999887235,0.958272899966687]",8,"softmax restricted to Y=0 and Y=1 logits after [BOS, X_1,...,X_10,S]",3221248,"softmax restricted to S=0 and S=1 logits after [BOS,X_1,...,X_10]","autoregressive next-token cross-entropy over every next token, including covariates, S, Y, and EOS"
epsilon-1-seed-20260921,0.7879,0.44572363948680815,0.8732660924605605,D2_100,1.0,slm_medium,,,604,079484de113f220568266c360aa0d8f9f2d69d58f22c5b857d60fa937a86092c,cuda,,,,,8.136772700003348,"[25056,24944]","[14,3,25,6,7,10,25,20,10,100,2]",scratch_causal_record_language_model,slm_medium,,none; these are non-DP baseline models,1,Caller is responsible for disjoint evaluation rows; this function receives training arrays only.,20263948,"last input column S, explicitly supplied by caller",34cf77139a2aabbb63206ea939032dcdce6aaea3c87f38dfad8da6f718182221,binary_income_Y,6,X_with_S and y only; no separate evaluation input is accepted,50000,2.5.2,3.12.14,1.6.1,2.13.0+cu130,[],d293d5a543b8410533cc403171a8c7f01c5f494b010d3e8cede0364ee29c008c,<LOCAL_DRIVE_D>/model_audit_data\experiments\acs-attribute-dp-20260921\run-v1\arms\epsilon-1-seed-20260921\privacy-contract.json,optimizer is non-DP; model inherits conditional attribute-DP solely through cached RR preprocessing,20260921,0.7884,0.44728550934037176,10000,0.8722164389300348,0.7882,0.44679370904020616,10000,0.8724861080974518,0.7897,0.4465341931146369,10000,0.8728866514202176,,,,,,,,,,,,,,,,bfloat16,13133892,874c77ed5921b99448c3546c8e6bd46b32288343ed1ef1489e3d4f2069a65bf3,True,512,256,1024,0.1,0.0003,8,4,1024,0.01,seeded training and minibatch shuffle; bitwise determinism across hardware/runtimes is not asserted,NVIDIA GeForce RTX 5080 Laptop GPU,"[1.7335169982910157,1.1770934646224975,1.1478993844223022,1.1375333465957642,1.1315857334136963,1.1280959977340699,1.1258250595092774,1.123787338066101]","[1.126737000013236,0.9897142000263557,1.0001653999788687,0.9827787000103854,0.9753192999633029,0.9821378999622539,1.0132369000348262,1.0118208999629132]",8,"softmax restricted to Y=0 and Y=1 logits after [BOS, X_1,...,X_10,S]",3221248,"softmax restricted to S=0 and S=1 logits after [BOS,X_1,...,X_10]","autoregressive next-token cross-entropy over every next token, including covariates, S, Y, and EOS"
epsilon-1-seed-20260922,0.7467,2.797732185281429,0.8052751385589867,D1,1.0,knn,1128583,d7aab767ff8b4751bd4edf5233c9a8ad0e1cc8d225437c7e785edea019bc91b3,370,ad82b74b98e88d047fecb99c227ad2d653888df937f57967dbac8dfc5189b66e,cpu,kd_tree,6,5,distance,0.16356159996939823,"[25056,24944]","[14,3,25,6,7,10,25,20,10,100,2]",classical_income_classifier,knn,fixed_range_scaled_category_codes_euclidean,none; these are non-DP baseline models,1,Caller is responsible for disjoint evaluation rows; this function receives training arrays only.,20260922,"last input column S, explicitly supplied by caller",34cf77139a2aabbb63206ea939032dcdce6aaea3c87f38dfad8da6f718182221,binary_income_Y,6,X_with_S and y only; no separate evaluation input is accepted,50000,2.5.2,3.12.14,1.6.1,2.13.0+cu130,[],433a6c39ca37d11de584a81cb7bdf4e6a56557733c0e6e53bc283a91ca6daa7c,<LOCAL_DRIVE_D>/model_audit_data\experiments\acs-attribute-dp-20260921\run-v1\arms\epsilon-1-seed-20260922\privacy-contract.json,optimizer is non-DP; model inherits conditional attribute-DP solely through cached RR preprocessing,20260922,0.7339,2.7821839685200676,10000,0.7977364831780205,0.7402,2.7071501977301797,10000,0.8031220456804607,0.7413,2.725283010355795,10000,0.8042189443210177,,,,,,,,,,,,,,,,,,,,,,,,,,,,,,,,,,,,,
epsilon-1-seed-20260922,0.7383,2.7487350387057092,0.7986047370883633,D2_0,1.0,knn,1130289,de64a53399bbd91161e0e272827052b49304dda8a62eb83552668dda42d7deb2,370,ad82b74b98e88d047fecb99c227ad2d653888df937f57967dbac8dfc5189b66e,cpu,kd_tree,6,5,distance,0.16913579998072237,"[25089,24911]","[14,3,25,6,7,10,25,20,10,100,2]",classical_income_classifier,knn,fixed_range_scaled_category_codes_euclidean,none; these are non-DP baseline models,1,Caller is responsible for disjoint evaluation rows; this function receives training arrays only.,20261931,"last input column S, explicitly supplied by caller",34cf77139a2aabbb63206ea939032dcdce6aaea3c87f38dfad8da6f718182221,binary_income_Y,6,X_with_S and y only; no separate evaluation input is accepted,50000,2.5.2,3.12.14,1.6.1,2.13.0+cu130,[],5368428e4002555a184357b6ea8c5365461fa70471b257c68f48d461df3c872c,<LOCAL_DRIVE_D>/model_audit_data\experiments\acs-attribute-dp-20260921\run-v1\arms\epsilon-1-seed-20260922\privacy-contract.json,optimizer is non-DP; model inherits conditional attribute-DP solely through cached RR preprocessing,20260922,0.7325,2.5403412531002,10000,0.8006957432515901,0.7372,2.562809822583791,10000,0.8053305045473719,0.7378,2.602693676536694,10000,0.8037458531514768,,,,,,,,,,,,,,,,,,,,,,,,,,,,,,,,,,,,,
epsilon-1-seed-20260922,0.7411,2.8712164564517746,0.8016499264560455,D2_50,1.0,knn,1130823,744a140f6dccde4f883f5ee152376e0b115dc2a6cdb4e60873dfbf940ce71ffa,370,ad82b74b98e88d047fecb99c227ad2d653888df937f57967dbac8dfc5189b66e,cpu,kd_tree,6,5,distance,0.18012969999108464,"[24976,25024]","[14,3,25,6,7,10,25,20,10,100,2]",classical_income_classifier,knn,fixed_range_scaled_category_codes_euclidean,none; these are non-DP baseline models,1,Caller is responsible for disjoint evaluation rows; this function receives training arrays only.,20262940,"last input column S, explicitly supplied by caller",34cf77139a2aabbb63206ea939032dcdce6aaea3c87f38dfad8da6f718182221,binary_income_Y,6,X_with_S and y only; no separate evaluation input is accepted,50000,2.5.2,3.12.14,1.6.1,2.13.0+cu130,[],cfb0d127f4102baf57a2c755d24005d83fd53411a89f69c9745299a3f5e7147e,<LOCAL_DRIVE_D>/model_audit_data\experiments\acs-attribute-dp-20260921\run-v1\arms\epsilon-1-seed-20260922\privacy-contract.json,optimizer is non-DP; model inherits conditional attribute-DP solely through cached RR preprocessing,20260922,0.7333,2.757416650814654,10000,0.7974915166824443,0.7354,2.7728208460451524,10000,0.7981595289346496,0.7384,2.7453497732667396,10000,0.800843919278309,,,,,,,,,,,,,,,,,,,,,,,,,,,,,,,,,,,,,
epsilon-1-seed-20260922,0.7467,2.797732185281429,0.8052751385589867,D2_100,1.0,knn,1128583,d7aab767ff8b4751bd4edf5233c9a8ad0e1cc8d225437c7e785edea019bc91b3,370,ad82b74b98e88d047fecb99c227ad2d653888df937f57967dbac8dfc5189b66e,cpu,kd_tree,6,5,distance,0.1833852999843657,"[25056,24944]","[14,3,25,6,7,10,25,20,10,100,2]",classical_income_classifier,knn,fixed_range_scaled_category_codes_euclidean,none; these are non-DP baseline models,1,Caller is responsible for disjoint evaluation rows; this function receives training arrays only.,20263949,"last input column S, explicitly supplied by caller",34cf77139a2aabbb63206ea939032dcdce6aaea3c87f38dfad8da6f718182221,binary_income_Y,6,X_with_S and y only; no separate evaluation input is accepted,50000,2.5.2,3.12.14,1.6.1,2.13.0+cu130,[],68b2e602ba3a8fbaf6ee2f2e0d8b9cbf8777fcdbbf7d2164dfbdf3586f7d8402,<LOCAL_DRIVE_D>/model_audit_data\experiments\acs-attribute-dp-20260921\run-v1\arms\epsilon-1-seed-20260922\privacy-contract.json,optimizer is non-DP; model inherits conditional attribute-DP solely through cached RR preprocessing,20260922,0.7339,2.7821839685200676,10000,0.7977364831780205,0.7435,2.7917952968305815,10000,0.802661035817634,0.7413,2.725283010355795,10000,0.8042189443210177,,,,,,,,,,,,,,,,,,,,,,,,,,,,,,,,,,,,,
epsilon-1-seed-20260922,0.7198,8.218888834128736,0.7282601886220014,D1,1.0,decision_tree,273922,b2b0df8672009972844e8d37a6f1a0333a319635d9b6f5a2460fe2492eb6b566,364,1142ecb81d085caa18d5a8ae43d8c5a4ac2ccaf5b9ac6b6e6536971e46ccba25,cpu,,,,,0.12561409996123984,"[25056,24944]","[14,3,25,6,7,10,25,20,10,100,2]",classical_income_classifier,decision_tree,raw_category_codes_as_ordered_numeric,none; these are non-DP baseline models,1,Caller is responsible for disjoint evaluation rows; this function receives training arrays only.,20260922,"last input column S, explicitly supplied by caller",34cf77139a2aabbb63206ea939032dcdce6aaea3c87f38dfad8da6f718182221,binary_income_Y,6,X_with_S and y only; no separate evaluation input is accepted,50000,2.5.2,3.12.14,1.6.1,2.13.0+cu130,[],a6a82d50693544ff0d1878a58876188836b5f2f53ac35d5529a265660213dc0d,<LOCAL_DRIVE_D>/model_audit_data\experiments\acs-attribute-dp-20260921\run-v1\arms\epsilon-1-seed-20260922\privacy-contract.json,optimizer is non-DP; model inherits conditional attribute-DP solely through cached RR preprocessing,20260922,0.7152,8.487837492660965,10000,0.722003271873886,0.7169,8.392002217822993,10000,0.7246417572524645,0.7191,8.2909006403861,10000,0.7274709632593862,20260922,,,,,,,,,,,,,,,,,,,,,,,,,,,,,,,,,,,,
epsilon-1-seed-20260922,0.7173,8.249450078250748,0.7263990473209583,D2_0,1.0,decision_tree,272100,1cf7dcdd3a29629019a4cde883db9e5554ee20688a6cbd5dfb4672a65ed25f48,364,1142ecb81d085caa18d5a8ae43d8c5a4ac2ccaf5b9ac6b6e6536971e46ccba25,cpu,,,,,0.12346450000768527,"[25089,24911]","[14,3,25,6,7,10,25,20,10,100,2]",classical_income_classifier,decision_tree,raw_category_codes_as_ordered_numeric,none; these are non-DP baseline models,1,Caller is responsible for disjoint evaluation rows; this function receives training arrays only.,20261931,"last input column S, explicitly supplied by caller",34cf77139a2aabbb63206ea939032dcdce6aaea3c87f38dfad8da6f718182221,binary_income_Y,6,X_with_S and y only; no separate evaluation input is accepted,50000,2.5.2,3.12.14,1.6.1,2.13.0+cu130,[],25a09767e4d8773b545e9cb205180d07099d21849506be92a5c47acd751b4616,<LOCAL_DRIVE_D>/model_audit_data\experiments\acs-attribute-dp-20260921\run-v1\arms\epsilon-1-seed-20260922\privacy-contract.json,optimizer is non-DP; model inherits conditional attribute-DP solely through cached RR preprocessing,20260922,0.7152,8.453648164371986,10000,0.7219650677417269,0.7154,8.402441871748564,10000,0.7241721864636879,0.7153,8.43869810079695,10000,0.7222196752800782,20261931,,,,,,,,,,,,,,,,,,,,,,,,,,,,,,,,,,,,
epsilon-1-seed-20260922,0.7207,8.214211081295545,0.7272959243271752,D2_50,1.0,decision_tree,272635,3ff1b2bec964a2a1257f1b8b0bb07b6d0471f50b77088d62ee718106a4725185,364,1142ecb81d085caa18d5a8ae43d8c5a4ac2ccaf5b9ac6b6e6536971e46ccba25,cpu,,,,,0.12446540000382811,"[24976,25024]","[14,3,25,6,7,10,25,20,10,100,2]",classical_income_classifier,decision_tree,raw_category_codes_as_ordered_numeric,none; these are non-DP baseline models,1,Caller is responsible for disjoint evaluation rows; this function receives training arrays only.,20262940,"last input column S, explicitly supplied by caller",34cf77139a2aabbb63206ea939032dcdce6aaea3c87f38dfad8da6f718182221,binary_income_Y,6,X_with_S and y only; no separate evaluation input is accepted,50000,2.5.2,3.12.14,1.6.1,2.13.0+cu130,[],cf430e4f4e60b6e44ba9a099d6c05316dddbf374d204fdef872eee2e326e6336,<LOCAL_DRIVE_D>/model_audit_data\experiments\acs-attribute-dp-20260921\run-v1\arms\epsilon-1-seed-20260922\privacy-contract.json,optimizer is non-DP; model inherits conditional attribute-DP solely through cached RR preprocessing,20260922,0.7179,8.377933200843914,10000,0.7245716896739551,0.7185,8.427481111079,10000,0.7226706440568612,0.7224,8.252346788311668,10000,0.7278327823937437,20262940,,,,,,,,,,,,,,,,,,,,,,,,,,,,,,,,,,,,
epsilon-1-seed-20260922,0.7212,8.164669813782236,0.7300173586775146,D2_100,1.0,decision_tree,274527,bc89baecd5a2c73ab35f086b1191fed82f2159c3492621a34d395dcf50f0e1be,364,1142ecb81d085caa18d5a8ae43d8c5a4ac2ccaf5b9ac6b6e6536971e46ccba25,cpu,,,,,0.12206999998306856,"[25056,24944]","[14,3,25,6,7,10,25,20,10,100,2]",classical_income_classifier,decision_tree,raw_category_codes_as_ordered_numeric,none; these are non-DP baseline models,1,Caller is responsible for disjoint evaluation rows; this function receives training arrays only.,20263949,"last input column S, explicitly supplied by caller",34cf77139a2aabbb63206ea939032dcdce6aaea3c87f38dfad8da6f718182221,binary_income_Y,6,X_with_S and y only; no separate evaluation input is accepted,50000,2.5.2,3.12.14,1.6.1,2.13.0+cu130,[],81ba70c9301fe4c52013303f00c79a490a943b7430dee6271eb4fab302221c92,<LOCAL_DRIVE_D>/model_audit_data\experiments\acs-attribute-dp-20260921\run-v1\arms\epsilon-1-seed-20260922\privacy-contract.json,optimizer is non-DP; model inherits conditional attribute-DP solely through cached RR preprocessing,20260922,0.7162,8.441013480810472,10000,0.7235341974587972,0.7155,8.441544047925154,10000,0.7236297077891944,0.7192,8.276515916585813,10000,0.727974657738981,20263949,,,,,,,,,,,,,,,,,,,,,,,,,,,,,,,,,,,,
epsilon-1-seed-20260922,0.778,0.47356738047154884,0.8597006052174603,D1,1.0,random_forest,18659594,38f330f0639e0cc1798e4f78d1b45b0b92b72b0d328ae6c932146fe9c930c81b,364,1142ecb81d085caa18d5a8ae43d8c5a4ac2ccaf5b9ac6b6e6536971e46ccba25,cpu,,6,,,1.1459197000367567,"[25056,24944]","[14,3,25,6,7,10,25,20,10,100,2]",classical_income_classifier,random_forest,raw_category_codes_as_ordered_numeric,none; these are non-DP baseline models,1,Caller is responsible for disjoint evaluation rows; this function receives training arrays only.,20260922,"last input column S, explicitly supplied by caller",34cf77139a2aabbb63206ea939032dcdce6aaea3c87f38dfad8da6f718182221,binary_income_Y,6,X_with_S and y only; no separate evaluation input is accepted,50000,2.5.2,3.12.14,1.6.1,2.13.0+cu130,[],0fae4494bc4b6ed072fa88b64486c7b0ec952cc12ba095d93c5fe286057e23c5,<LOCAL_DRIVE_D>/model_audit_data\experiments\acs-attribute-dp-20260921\run-v1\arms\epsilon-1-seed-20260922\privacy-contract.json,optimizer is non-DP; model inherits conditional attribute-DP solely through cached RR preprocessing,20260922,0.7778,0.47363004791971164,10000,0.8575807559345618,0.7742,0.47218262853385623,10000,0.8578189216945704,0.7772,0.469097142523639,10000,0.859963293629839,20260922,18,100,,,,,,,,,,,,,,,,,,,,,,,,,,,,,,,,,,
epsilon-1-seed-20260922,0.7783,0.47142837293663925,0.8583459987032198,D2_0,1.0,random_forest,18476582,4727b2c26e3077bc084957f6771d1e1349b07a1dec63147c7c57af53b1e95a8b,364,1142ecb81d085caa18d5a8ae43d8c5a4ac2ccaf5b9ac6b6e6536971e46ccba25,cpu,,6,,,1.1605012000072747,"[25089,24911]","[14,3,25,6,7,10,25,20,10,100,2]",classical_income_classifier,random_forest,raw_category_codes_as_ordered_numeric,none; these are non-DP baseline models,1,Caller is responsible for disjoint evaluation rows; this function receives training arrays only.,20261931,"last input column S, explicitly supplied by caller",34cf77139a2aabbb63206ea939032dcdce6aaea3c87f38dfad8da6f718182221,binary_income_Y,6,X_with_S and y only; no separate evaluation input is accepted,50000,2.5.2,3.12.14,1.6.1,2.13.0+cu130,[],1826df761b6f437dc31ad18eb0d492f879bbb6e957eb3554afdc5d9c7ed68160,<LOCAL_DRIVE_D>/model_audit_data\experiments\acs-attribute-dp-20260921\run-v1\arms\epsilon-1-seed-20260922\privacy-contract.json,optimizer is non-DP; model inherits conditional attribute-DP solely through cached RR preprocessing,20260922,0.7786,0.47595444565398576,10000,0.8557177544323193,0.7783,0.4729226945335449,10000,0.8573862348951662,0.7791,0.4724432919123519,10000,0.8576556840387857,20261931,18,100,,,,,,,,,,,,,,,,,,,,,,,,,,,,,,,,,,
epsilon-1-seed-20260922,0.7757,0.47311253858563324,0.856963869212094,D2_50,1.0,random_forest,18409857,2ab32bb6dd9faf5b045d7ba705f90f2ad5325464f18458db7c6841b08f0cb98c,364,1142ecb81d085caa18d5a8ae43d8c5a4ac2ccaf5b9ac6b6e6536971e46ccba25,cpu,,6,,,1.1317584999487735,"[24976,25024]","[14,3,25,6,7,10,25,20,10,100,2]",classical_income_classifier,random_forest,raw_category_codes_as_ordered_numeric,none; these are non-DP baseline models,1,Caller is responsible for disjoint evaluation rows; this function receives training arrays only.,20262940,"last input column S, explicitly supplied by caller",34cf77139a2aabbb63206ea939032dcdce6aaea3c87f38dfad8da6f718182221,binary_income_Y,6,X_with_S and y only; no separate evaluation input is accepted,50000,2.5.2,3.12.14,1.6.1,2.13.0+cu130,[],9813a71083e838ee4d6a75fb49f519431b095bb60ca21afedd98eb75a2d2350a,<LOCAL_DRIVE_D>/model_audit_data\experiments\acs-attribute-dp-20260921\run-v1\arms\epsilon-1-seed-20260922\privacy-contract.json,optimizer is non-DP; model inherits conditional attribute-DP solely through cached RR preprocessing,20260922,0.7757,0.47724699820885963,10000,0.856599729826778,0.7753,0.4743322308559064,10000,0.8570383772708856,0.7747,0.471413972798083,10000,0.8582874523708484,20262940,18,100,,,,,,,,,,,,,,,,,,,,,,,,,,,,,,,,,,
epsilon-1-seed-20260922,0.7746,0.47545888977736184,0.858744581813969,D2_100,1.0,random_forest,18520092,4f588da950118aee4fee819bee47c9054b1b2c45943ef83c080e695770bc3d87,364,1142ecb81d085caa18d5a8ae43d8c5a4ac2ccaf5b9ac6b6e6536971e46ccba25,cpu,,6,,,1.2185093999723904,"[25056,24944]","[14,3,25,6,7,10,25,20,10,100,2]",classical_income_classifier,random_forest,raw_category_codes_as_ordered_numeric,none; these are non-DP baseline models,1,Caller is responsible for disjoint evaluation rows; this function receives training arrays only.,20263949,"last input column S, explicitly supplied by caller",34cf77139a2aabbb63206ea939032dcdce6aaea3c87f38dfad8da6f718182221,binary_income_Y,6,X_with_S and y only; no separate evaluation input is accepted,50000,2.5.2,3.12.14,1.6.1,2.13.0+cu130,[],d5c5084e83c0de24e4ead96f01cb4aa5f28133a83432ad0eab33af4641dc38db,<LOCAL_DRIVE_D>/model_audit_data\experiments\acs-attribute-dp-20260921\run-v1\arms\epsilon-1-seed-20260922\privacy-contract.json,optimizer is non-DP; model inherits conditional attribute-DP solely through cached RR preprocessing,20260922,0.7759,0.474370187456442,10000,0.8569721701099191,0.7761,0.47012550177694956,10000,0.8591432049290451,0.7751,0.47166258615814505,10000,0.8592705186993026,20263949,18,100,,,,,,,,,,,,,,,,,,,,,,,,,,,,,,,,,,
epsilon-1-seed-20260922,0.7739,0.46628481707639985,0.8598649629943974,D1,1.0,extra_trees,22894317,aa5c6eb37c3651892f8dfcc38cd5fbf4008dcb0a676e44d562aebc8dd588b8be,364,1142ecb81d085caa18d5a8ae43d8c5a4ac2ccaf5b9ac6b6e6536971e46ccba25,cpu,,6,,,1.0890191000071354,"[25056,24944]","[14,3,25,6,7,10,25,20,10,100,2]",classical_income_classifier,extra_trees,raw_category_codes_as_ordered_numeric,none; these are non-DP baseline models,1,Caller is responsible for disjoint evaluation rows; this function receives training arrays only.,20260922,"last input column S, explicitly supplied by caller",34cf77139a2aabbb63206ea939032dcdce6aaea3c87f38dfad8da6f718182221,binary_income_Y,6,X_with_S and y only; no separate evaluation input is accepted,50000,2.5.2,3.12.14,1.6.1,2.13.0+cu130,[],63ddb93e7acbf7f141b96f8e8b570323262007f15e3a51b91eab98f676f827d7,<LOCAL_DRIVE_D>/model_audit_data\experiments\acs-attribute-dp-20260921\run-v1\arms\epsilon-1-seed-20260922\privacy-contract.json,optimizer is non-DP; model inherits conditional attribute-DP solely through cached RR preprocessing,20260922,0.7756,0.47004354293249934,10000,0.8573500509815142,0.7746,0.46863313467933676,10000,0.8580282043305805,0.7759,0.4668534604663948,10000,0.8596624010853013,20260922,18,100,,,,,,,,,,,,,,,,,,,,,,,,,,,,,,,,,,
epsilon-1-seed-20260922,0.7792,0.4685638022687628,0.8592946813127308,D2_0,1.0,extra_trees,23006400,4944977d909244f936ac855834aaaf6c6bc8c4c52de892c6f1abfdbe9fbef025,364,1142ecb81d085caa18d5a8ae43d8c5a4ac2ccaf5b9ac6b6e6536971e46ccba25,cpu,,6,,,1.1014435000251979,"[25089,24911]","[14,3,25,6,7,10,25,20,10,100,2]",classical_income_classifier,extra_trees,raw_category_codes_as_ordered_numeric,none; these are non-DP baseline models,1,Caller is responsible for disjoint evaluation rows; this function receives training arrays only.,20261931,"last input column S, explicitly supplied by caller",34cf77139a2aabbb63206ea939032dcdce6aaea3c87f38dfad8da6f718182221,binary_income_Y,6,X_with_S and y only; no separate evaluation input is accepted,50000,2.5.2,3.12.14,1.6.1,2.13.0+cu130,[],37b785eeab9207ee17de2766d6c361c03d8cb80ed34bd1914984347fc8f520e9,<LOCAL_DRIVE_D>/model_audit_data\experiments\acs-attribute-dp-20260921\run-v1\arms\epsilon-1-seed-20260922\privacy-contract.json,optimizer is non-DP; model inherits conditional attribute-DP solely through cached RR preprocessing,20260922,0.7768,0.4703057730106184,10000,0.8576395822972213,0.7786,0.4696507686101653,10000,0.8583148153304261,0.7784,0.4681851613533586,10000,0.8594743607468583,20261931,18,100,,,,,,,,,,,,,,,,,,,,,,,,,,,,,,,,,,
epsilon-1-seed-20260922,0.7777,0.46781427130013414,0.8593680292460433,D2_50,1.0,extra_trees,22382906,949fad06b08112d99b91edd9008275f5ab525668ae046aa9d3f201eeab56bdbe,364,1142ecb81d085caa18d5a8ae43d8c5a4ac2ccaf5b9ac6b6e6536971e46ccba25,cpu,,6,,,1.0952135999687016,"[24976,25024]","[14,3,25,6,7,10,25,20,10,100,2]",classical_income_classifier,extra_trees,raw_category_codes_as_ordered_numeric,none; these are non-DP baseline models,1,Caller is responsible for disjoint evaluation rows; this function receives training arrays only.,20262940,"last input column S, explicitly supplied by caller",34cf77139a2aabbb63206ea939032dcdce6aaea3c87f38dfad8da6f718182221,binary_income_Y,6,X_with_S and y only; no separate evaluation input is accepted,50000,2.5.2,3.12.14,1.6.1,2.13.0+cu130,[],84fd22e60ee09a1f6ad773000ecf24e5627bd98090c865a21038a494d623d99f,<LOCAL_DRIVE_D>/model_audit_data\experiments\acs-attribute-dp-20260921\run-v1\arms\epsilon-1-seed-20260922\privacy-contract.json,optimizer is non-DP; model inherits conditional attribute-DP solely through cached RR preprocessing,20260922,0.776,0.4707792276000482,10000,0.8572853639849687,0.777,0.4710008136934148,10000,0.8570764213857371,0.7776,0.46814904234418925,10000,0.8591586666013795,20262940,18,100,,,,,,,,,,,,,,,,,,,,,,,,,,,,,,,,,,
epsilon-1-seed-20260922,0.7753,0.4664609768700998,0.8599029271005952,D2_100,1.0,extra_trees,22656873,4841d64315b8a892852515234d464ff699b0544aae52afdee09adece9fa8c0f8,364,1142ecb81d085caa18d5a8ae43d8c5a4ac2ccaf5b9ac6b6e6536971e46ccba25,cpu,,6,,,1.064516399987042,"[25056,24944]","[14,3,25,6,7,10,25,20,10,100,2]",classical_income_classifier,extra_trees,raw_category_codes_as_ordered_numeric,none; these are non-DP baseline models,1,Caller is responsible for disjoint evaluation rows; this function receives training arrays only.,20263949,"last input column S, explicitly supplied by caller",34cf77139a2aabbb63206ea939032dcdce6aaea3c87f38dfad8da6f718182221,binary_income_Y,6,X_with_S and y only; no separate evaluation input is accepted,50000,2.5.2,3.12.14,1.6.1,2.13.0+cu130,[],e6c1d959e581a06354b6cb53f037c2f20757cd08d40d0ead611a927abfdddbc3,<LOCAL_DRIVE_D>/model_audit_data\experiments\acs-attribute-dp-20260921\run-v1\arms\epsilon-1-seed-20260922\privacy-contract.json,optimizer is non-DP; model inherits conditional attribute-DP solely through cached RR preprocessing,20260922,0.7749,0.4698768946404616,10000,0.8574998871877981,0.7775,0.46664682327285006,10000,0.8598313393576649,0.7766,0.46635549552264965,10000,0.8601164901995799,20263949,18,100,,,,,,,,,,,,,,,,,,,,,,,,,,,,,,,,,,
epsilon-1-seed-20260922,0.7904,0.4451274070340025,0.8734067476738283,D1,1.0,hist_gradient_boosting,204104,982c9c48f9864ee54f7a04ba0d414d1d15abb43a30c0f42ebc983e60dc6e6f6a,365,ab5742d6b86291f53abae479b597104164d49365b842723fb128f01a132d96fb,cpu,,,,,0.2792179000098258,"[25056,24944]","[14,3,25,6,7,10,25,20,10,100,2]",classical_income_classifier,hist_gradient_boosting,native_categorical_fixed_integer_codes,none; these are non-DP baseline models,1,Caller is responsible for disjoint evaluation rows; this function receives training arrays only.,20260922,"last input column S, explicitly supplied by caller",34cf77139a2aabbb63206ea939032dcdce6aaea3c87f38dfad8da6f718182221,binary_income_Y,6,X_with_S and y only; no separate evaluation input is accepted,50000,2.5.2,3.12.14,1.6.1,2.13.0+cu130,[],f6ec9647087921385a4a558e7cc1f3cc5942306e52c5e0e223b03c5698b5d3e8,<LOCAL_DRIVE_D>/model_audit_data\experiments\acs-attribute-dp-20260921\run-v1\arms\epsilon-1-seed-20260922\privacy-contract.json,optimizer is non-DP; model inherits conditional attribute-DP solely through cached RR preprocessing,20260922,0.7885,0.4465709569483058,10000,0.872297567704923,0.788,0.44728836110775566,10000,0.8718726817492579,0.7897,0.44630776911131215,10000,0.8724320822540167,20260922,,,"[true,true,true,true,true,true,true,true,true,true,true]",False,120,31,,,,,,,,,,,,,,,,,,,,,,,,,,,,,,
epsilon-1-seed-20260922,0.7866,0.4486227032057155,0.8709057571666952,D2_0,1.0,hist_gradient_boosting,203826,962c139d435d73bdff675c11c8ba6aaff96ec385e861575869c65b802707b11b,365,ab5742d6b86291f53abae479b597104164d49365b842723fb128f01a132d96fb,cpu,,,,,0.2763825000147335,"[25089,24911]","[14,3,25,6,7,10,25,20,10,100,2]",classical_income_classifier,hist_gradient_boosting,native_categorical_fixed_integer_codes,none; these are non-DP baseline models,1,Caller is responsible for disjoint evaluation rows; this function receives training arrays only.,20261931,"last input column S, explicitly supplied by caller",34cf77139a2aabbb63206ea939032dcdce6aaea3c87f38dfad8da6f718182221,binary_income_Y,6,X_with_S and y only; no separate evaluation input is accepted,50000,2.5.2,3.12.14,1.6.1,2.13.0+cu130,[],e2d29478bed87cb053521582a3e59b4640e1076ffa0df3fab6423fedd02928ef,<LOCAL_DRIVE_D>/model_audit_data\experiments\acs-attribute-dp-20260921\run-v1\arms\epsilon-1-seed-20260922\privacy-contract.json,optimizer is non-DP; model inherits conditional attribute-DP solely through cached RR preprocessing,20260922,0.7873,0.448653488095178,10000,0.8709310999077661,0.7873,0.44828708699927355,10000,0.871174446228104,0.7876,0.44762886514576794,10000,0.8715272443867529,20261931,,,"[true,true,true,true,true,true,true,true,true,true,true]",False,120,31,,,,,,,,,,,,,,,,,,,,,,,,,,,,,,
epsilon-1-seed-20260922,0.7897,0.4459167753128755,0.8728440468121031,D2_50,1.0,hist_gradient_boosting,205035,2b2ac4383d030edc6d28ec83479e42785be427ad07905200f6ef638fb6de4d85,365,ab5742d6b86291f53abae479b597104164d49365b842723fb128f01a132d96fb,cpu,,,,,0.28006269998149946,"[24976,25024]","[14,3,25,6,7,10,25,20,10,100,2]",classical_income_classifier,hist_gradient_boosting,native_categorical_fixed_integer_codes,none; these are non-DP baseline models,1,Caller is responsible for disjoint evaluation rows; this function receives training arrays only.,20262940,"last input column S, explicitly supplied by caller",34cf77139a2aabbb63206ea939032dcdce6aaea3c87f38dfad8da6f718182221,binary_income_Y,6,X_with_S and y only; no separate evaluation input is accepted,50000,2.5.2,3.12.14,1.6.1,2.13.0+cu130,[],72843d00aa43259a2ffae78b8f902c61eb1865bbd439113639cb543fdd68ae71,<LOCAL_DRIVE_D>/model_audit_data\experiments\acs-attribute-dp-20260921\run-v1\arms\epsilon-1-seed-20260922\privacy-contract.json,optimizer is non-DP; model inherits conditional attribute-DP solely through cached RR preprocessing,20260922,0.7892,0.4473657613984966,10000,0.8717026633600692,0.7883,0.44772885459185124,10000,0.8715507469287878,0.7893,0.4467787370501539,10000,0.8720810042814231,20262940,,,"[true,true,true,true,true,true,true,true,true,true,true]",False,120,31,,,,,,,,,,,,,,,,,,,,,,,,,,,,,,
epsilon-1-seed-20260922,0.7904,0.4451274070340025,0.8734067476738283,D2_100,1.0,hist_gradient_boosting,204103,e02c8114d31a4308f80579444454a4c0bf43806e9b66e37b2d05f22cb3b2de65,365,ab5742d6b86291f53abae479b597104164d49365b842723fb128f01a132d96fb,cpu,,,,,0.28372979996493086,"[25056,24944]","[14,3,25,6,7,10,25,20,10,100,2]",classical_income_classifier,hist_gradient_boosting,native_categorical_fixed_integer_codes,none; these are non-DP baseline models,1,Caller is responsible for disjoint evaluation rows; this function receives training arrays only.,20263949,"last input column S, explicitly supplied by caller",34cf77139a2aabbb63206ea939032dcdce6aaea3c87f38dfad8da6f718182221,binary_income_Y,6,X_with_S and y only; no separate evaluation input is accepted,50000,2.5.2,3.12.14,1.6.1,2.13.0+cu130,[],8410c1c11cc176ac33dfc6bedad38412b2f0ad382de017cf35dc05d6f7dcdb44,<LOCAL_DRIVE_D>/model_audit_data\experiments\acs-attribute-dp-20260921\run-v1\arms\epsilon-1-seed-20260922\privacy-contract.json,optimizer is non-DP; model inherits conditional attribute-DP solely through cached RR preprocessing,20260922,0.7885,0.4465709569483058,10000,0.872297567704923,0.7905,0.44622976112650614,10000,0.8724813275803911,0.7897,0.44630776911131215,10000,0.8724320822540167,20263949,,,"[true,true,true,true,true,true,true,true,true,true,true]",False,120,31,,,,,,,,,,,,,,,,,,,,,,,,,,,,,,
epsilon-1-seed-20260922,0.791,0.4444228672489421,0.8735633446113532,D1,1.0,xgboost,175033,40a70dd27a91eec098774b975686a4ab66b04ea2689a1c5fe46239c4bccbf24e,364,1142ecb81d085caa18d5a8ae43d8c5a4ac2ccaf5b9ac6b6e6536971e46ccba25,cpu,,6,,,0.1206075000227429,"[25056,24944]","[14,3,25,6,7,10,25,20,10,100,2]",classical_income_classifier,xgboost,raw_category_codes_as_ordered_numeric,none; these are non-DP baseline models,1,Caller is responsible for disjoint evaluation rows; this function receives training arrays only.,20260922,"last input column S, explicitly supplied by caller",34cf77139a2aabbb63206ea939032dcdce6aaea3c87f38dfad8da6f718182221,binary_income_Y,6,X_with_S and y only; no separate evaluation input is accepted,50000,2.5.2,3.12.14,1.6.1,2.13.0+cu130,[],bbf4c8476610baf9a2e4a231bc366e17b4942ea138ab1b751a64baef5529b9a1,<LOCAL_DRIVE_D>/model_audit_data\experiments\acs-attribute-dp-20260921\run-v1\arms\epsilon-1-seed-20260922\privacy-contract.json,optimizer is non-DP; model inherits conditional attribute-DP solely through cached RR preprocessing,20260922,0.7905,0.4457978412402661,10000,0.8725831185901067,0.7905,0.4457210000829504,10000,0.8726761486522381,0.7904,0.44498905308269887,10000,0.8731832234974536,20260922,6,120,,,,,logloss,0.1,binary:logistic,hist,2.1.4,,,,,,,,,,,,,,,,,,,,,,,,,
epsilon-1-seed-20260922,0.7883,0.4481490328078783,0.8712815378111296,D2_0,1.0,xgboost,177270,6572f39cc159ab133812b656a624726aaaba39f831ee6893c60ec3493d66443b,364,1142ecb81d085caa18d5a8ae43d8c5a4ac2ccaf5b9ac6b6e6536971e46ccba25,cpu,,6,,,0.12346169998636469,"[25089,24911]","[14,3,25,6,7,10,25,20,10,100,2]",classical_income_classifier,xgboost,raw_category_codes_as_ordered_numeric,none; these are non-DP baseline models,1,Caller is responsible for disjoint evaluation rows; this function receives training arrays only.,20261931,"last input column S, explicitly supplied by caller",34cf77139a2aabbb63206ea939032dcdce6aaea3c87f38dfad8da6f718182221,binary_income_Y,6,X_with_S and y only; no separate evaluation input is accepted,50000,2.5.2,3.12.14,1.6.1,2.13.0+cu130,[],4b41b9eaa5fec806c3eb494c7fc8c8bace40032a32623a7aacb1bf8d737a82e9,<LOCAL_DRIVE_D>/model_audit_data\experiments\acs-attribute-dp-20260921\run-v1\arms\epsilon-1-seed-20260922\privacy-contract.json,optimizer is non-DP; model inherits conditional attribute-DP solely through cached RR preprocessing,20260922,0.7845,0.44922338931588873,10000,0.8705250159857291,0.7853,0.4485935917598334,10000,0.870847490864612,0.7852,0.4481939992545952,10000,0.8710969378447972,20261931,6,120,,,,,logloss,0.1,binary:logistic,hist,2.1.4,,,,,,,,,,,,,,,,,,,,,,,,,
epsilon-1-seed-20260922,0.79,0.4446762645199261,0.8733590025097115,D2_50,1.0,xgboost,176121,11109c30f1a06b9692489cc481176a06321a3f61ee79f93b57e18ee1899bd6b0,364,1142ecb81d085caa18d5a8ae43d8c5a4ac2ccaf5b9ac6b6e6536971e46ccba25,cpu,,6,,,0.12849190004635602,"[24976,25024]","[14,3,25,6,7,10,25,20,10,100,2]",classical_income_classifier,xgboost,raw_category_codes_as_ordered_numeric,none; these are non-DP baseline models,1,Caller is responsible for disjoint evaluation rows; this function receives training arrays only.,20262940,"last input column S, explicitly supplied by caller",34cf77139a2aabbb63206ea939032dcdce6aaea3c87f38dfad8da6f718182221,binary_income_Y,6,X_with_S and y only; no separate evaluation input is accepted,50000,2.5.2,3.12.14,1.6.1,2.13.0+cu130,[],d6c8bc3a4d1010ed0b79feb39133473a4e032a1e0cf979acb2b9104378f521ca,<LOCAL_DRIVE_D>/model_audit_data\experiments\acs-attribute-dp-20260921\run-v1\arms\epsilon-1-seed-20260922\privacy-contract.json,optimizer is non-DP; model inherits conditional attribute-DP solely through cached RR preprocessing,20260922,0.7878,0.4454088193270337,10000,0.8727522568841046,0.789,0.44531404132292135,10000,0.8729753810172108,0.7888,0.4448980781554619,10000,0.8731572606893161,20262940,6,120,,,,,logloss,0.1,binary:logistic,hist,2.1.4,,,,,,,,,,,,,,,,,,,,,,,,,
epsilon-1-seed-20260922,0.791,0.4444228672489421,0.8735633446113532,D2_100,1.0,xgboost,175035,d4919eff4d0b4feea9d4684e68280bab0f6c9a378fc0c4ce92b1240e56f6b172,364,1142ecb81d085caa18d5a8ae43d8c5a4ac2ccaf5b9ac6b6e6536971e46ccba25,cpu,,6,,,0.13090070005273446,"[25056,24944]","[14,3,25,6,7,10,25,20,10,100,2]",classical_income_classifier,xgboost,raw_category_codes_as_ordered_numeric,none; these are non-DP baseline models,1,Caller is responsible for disjoint evaluation rows; this function receives training arrays only.,20263949,"last input column S, explicitly supplied by caller",34cf77139a2aabbb63206ea939032dcdce6aaea3c87f38dfad8da6f718182221,binary_income_Y,6,X_with_S and y only; no separate evaluation input is accepted,50000,2.5.2,3.12.14,1.6.1,2.13.0+cu130,[],48a1a15faf03776110f154a2270621dff1fbca6975abb8c1146858ad075ddf7e,<LOCAL_DRIVE_D>/model_audit_data\experiments\acs-attribute-dp-20260921\run-v1\arms\epsilon-1-seed-20260922\privacy-contract.json,optimizer is non-DP; model inherits conditional attribute-DP solely through cached RR preprocessing,20260922,0.7905,0.4457978412402661,10000,0.8725831185901067,0.79,0.4451040403061471,10000,0.8730704112956857,0.7904,0.44498905308269887,10000,0.8731832234974536,20263949,6,120,,,,,logloss,0.1,binary:logistic,hist,2.1.4,,,,,,,,,,,,,,,,,,,,,,,,,
epsilon-1-seed-20260922,0.7892,0.45464309237785216,0.8676198417620851,D1,1.0,logistic_regression,3076,41120288abc5f61bcbf3e8361e3482258cc9305dfad41206119b999572c2edf2,351,e8afbf8267f033a48fbd646e821a0b017de471a3e6015be2bec1d4b8ef458ef6,cpu,,,,,0.14234860002761707,"[25056,24944]","[14,3,25,6,7,10,25,20,10,100,2]",classical_income_classifier,logistic_regression,fixed_vocabulary_one_hot,none; these are non-DP baseline models,1,Caller is responsible for disjoint evaluation rows; this function receives training arrays only.,20260922,"last input column S, explicitly supplied by caller",34cf77139a2aabbb63206ea939032dcdce6aaea3c87f38dfad8da6f718182221,binary_income_Y,6,X_with_S and y only; no separate evaluation input is accepted,50000,2.5.2,3.12.14,1.6.1,2.13.0+cu130,"[{""category"":""OptimizeWarning"",""message"":""Unknown solver options: iprint""}]",9fd42e0952e5958cc459333bcb328a14b48bfe35d055ffb8150e792e7055e483,<LOCAL_DRIVE_D>/model_audit_data\experiments\acs-attribute-dp-20260921\run-v1\arms\epsilon-1-seed-20260922\privacy-contract.json,optimizer is non-DP; model inherits conditional attribute-DP solely through cached RR preprocessing,20260922,0.7889,0.45572108984944354,10000,0.8669905937026148,0.79,0.4557406726938919,10000,0.8669330274762519,0.7891,0.4552128028139713,10000,0.8672424009380855,20260922,,,,,300,,,,,,,1.0,,,,,,,,,,,,,,,,,,,,,,,,
epsilon-1-seed-20260922,0.7891,0.454877538708178,0.867409859050355,D2_0,1.0,logistic_regression,3066,6b70f4e1ec868f2f9748f2ed72138ba6c7f0dc5683bcc2d2c3fbe526f6745178,351,e8afbf8267f033a48fbd646e821a0b017de471a3e6015be2bec1d4b8ef458ef6,cpu,,,,,0.1687594000250101,"[25089,24911]","[14,3,25,6,7,10,25,20,10,100,2]",classical_income_classifier,logistic_regression,fixed_vocabulary_one_hot,none; these are non-DP baseline models,1,Caller is responsible for disjoint evaluation rows; this function receives training arrays only.,20261931,"last input column S, explicitly supplied by caller",34cf77139a2aabbb63206ea939032dcdce6aaea3c87f38dfad8da6f718182221,binary_income_Y,6,X_with_S and y only; no separate evaluation input is accepted,50000,2.5.2,3.12.14,1.6.1,2.13.0+cu130,"[{""category"":""OptimizeWarning"",""message"":""Unknown solver options: iprint""}]",69a9180ecda5e7a9bb05b40cb3b620f80acd9a721cdb558dff66f545293e61f4,<LOCAL_DRIVE_D>/model_audit_data\experiments\acs-attribute-dp-20260921\run-v1\arms\epsilon-1-seed-20260922\privacy-contract.json,optimizer is non-DP; model inherits conditional attribute-DP solely through cached RR preprocessing,20260922,0.7886,0.45591340833253596,10000,0.8667978528557649,0.7884,0.4560428975088279,10000,0.8666608780405689,0.7891,0.4554104220740867,10000,0.8670338583821227,20261931,,,,,300,,,,,,,1.0,,,,,,,,,,,,,,,,,,,,,,,,
epsilon-1-seed-20260922,0.7884,0.45419655655869073,0.867938316208281,D2_50,1.0,logistic_regression,3069,050cc6262758c00c760a10df1b701f3f7f51777dbac3d983c11177823ff712d7,351,e8afbf8267f033a48fbd646e821a0b017de471a3e6015be2bec1d4b8ef458ef6,cpu,,,,,0.1515518000232987,"[24976,25024]","[14,3,25,6,7,10,25,20,10,100,2]",classical_income_classifier,logistic_regression,fixed_vocabulary_one_hot,none; these are non-DP baseline models,1,Caller is responsible for disjoint evaluation rows; this function receives training arrays only.,20262940,"last input column S, explicitly supplied by caller",34cf77139a2aabbb63206ea939032dcdce6aaea3c87f38dfad8da6f718182221,binary_income_Y,6,X_with_S and y only; no separate evaluation input is accepted,50000,2.5.2,3.12.14,1.6.1,2.13.0+cu130,"[{""category"":""OptimizeWarning"",""message"":""Unknown solver options: iprint""}]",a328463c369f20ea70167eb99886b977f396b640a2e72fd72097f42e418a41bb,<LOCAL_DRIVE_D>/model_audit_data\experiments\acs-attribute-dp-20260921\run-v1\arms\epsilon-1-seed-20260922\privacy-contract.json,optimizer is non-DP; model inherits conditional attribute-DP solely through cached RR preprocessing,20260922,0.7884,0.45537943812792364,10000,0.8671900152720519,0.7896,0.4554057137385015,10000,0.8671305288379991,0.7887,0.45476102798194196,10000,0.8674875874574595,20262940,,,,,300,,,,,,,1.0,,,,,,,,,,,,,,,,,,,,,,,,
epsilon-1-seed-20260922,0.7892,0.45464309237785216,0.8676198417620851,D2_100,1.0,logistic_regression,3075,86481341ce2b1c6ace70808304d103d877d4dd1ebd62af7f85cd6384cf58eaf7,351,e8afbf8267f033a48fbd646e821a0b017de471a3e6015be2bec1d4b8ef458ef6,cpu,,,,,0.1463406999828294,"[25056,24944]","[14,3,25,6,7,10,25,20,10,100,2]",classical_income_classifier,logistic_regression,fixed_vocabulary_one_hot,none; these are non-DP baseline models,1,Caller is responsible for disjoint evaluation rows; this function receives training arrays only.,20263949,"last input column S, explicitly supplied by caller",34cf77139a2aabbb63206ea939032dcdce6aaea3c87f38dfad8da6f718182221,binary_income_Y,6,X_with_S and y only; no separate evaluation input is accepted,50000,2.5.2,3.12.14,1.6.1,2.13.0+cu130,"[{""category"":""OptimizeWarning"",""message"":""Unknown solver options: iprint""}]",168ade1d7cab724b04db051a441ff608488dd2554e17f8c4aeec749f314008e2,<LOCAL_DRIVE_D>/model_audit_data\experiments\acs-attribute-dp-20260921\run-v1\arms\epsilon-1-seed-20260922\privacy-contract.json,optimizer is non-DP; model inherits conditional attribute-DP solely through cached RR preprocessing,20260922,0.7889,0.45572108984944354,10000,0.8669905937026148,0.7898,0.4551570673907732,10000,0.8673160689060129,0.7891,0.4552128028139713,10000,0.8672424009380855,20263949,,,,,300,,,,,,,1.0,,,,,,,,,,,,,,,,,,,,,,,,
epsilon-1-seed-20260922,0.7425,1.0502050611186988,0.8059044666271105,D1,1.0,mlp,558767,ff5b7fd2eacd7c148c514c6a71458fe5eb062786f88b39ddff1a768248414660,351,e8afbf8267f033a48fbd646e821a0b017de471a3e6015be2bec1d4b8ef458ef6,cpu,,,,,13.93579050002154,"[25056,24944]","[14,3,25,6,7,10,25,20,10,100,2]",classical_income_classifier,mlp,fixed_vocabulary_one_hot,none; these are non-DP baseline models,1,Caller is responsible for disjoint evaluation rows; this function receives training arrays only.,20260922,"last input column S, explicitly supplied by caller",34cf77139a2aabbb63206ea939032dcdce6aaea3c87f38dfad8da6f718182221,binary_income_Y,6,X_with_S and y only; no separate evaluation input is accepted,50000,2.5.2,3.12.14,1.6.1,2.13.0+cu130,"[{""category"":""ConvergenceWarning"",""message"":""Stochastic Optimizer: Maximum iterations (100) reached and the optimization hasn't converged yet.""}]",320d798f6c55a6d8c8bfb6f13bc576c098e5587b36c46eb9b5f0e96331231dad,<LOCAL_DRIVE_D>/model_audit_data\experiments\acs-attribute-dp-20260921\run-v1\arms\epsilon-1-seed-20260922\privacy-contract.json,optimizer is non-DP; model inherits conditional attribute-DP solely through cached RR preprocessing,20260922,0.7393,1.0789716491780381,10000,0.7980311550497302,0.7385,1.0856813760337574,10000,0.7976895581026044,0.7412,1.0535953135015785,10000,0.7998948766298564,20260922,,,,False,100,,,,,,,,512,"[128,64]",,,,,,,,,,,,,,,,,,,,,,
epsilon-1-seed-20260922,0.733,1.15979814572476,0.7875722238117274,D2_0,1.0,mlp,558589,9e9e06a700ff4e94e882ada9bc41ad3e1c806916ee22c2d67fa5415392f6676b,351,e8afbf8267f033a48fbd646e821a0b017de471a3e6015be2bec1d4b8ef458ef6,cpu,,,,,13.793038799951319,"[25089,24911]","[14,3,25,6,7,10,25,20,10,100,2]",classical_income_classifier,mlp,fixed_vocabulary_one_hot,none; these are non-DP baseline models,1,Caller is responsible for disjoint evaluation rows; this function receives training arrays only.,20261931,"last input column S, explicitly supplied by caller",34cf77139a2aabbb63206ea939032dcdce6aaea3c87f38dfad8da6f718182221,binary_income_Y,6,X_with_S and y only; no separate evaluation input is accepted,50000,2.5.2,3.12.14,1.6.1,2.13.0+cu130,"[{""category"":""ConvergenceWarning"",""message"":""Stochastic Optimizer: Maximum iterations (100) reached and the optimization hasn't converged yet.""}]",563d094a5b4fbbf446f11ef135ef7beef3788270e7f00e55fbab49e727d11e5d,<LOCAL_DRIVE_D>/model_audit_data\experiments\acs-attribute-dp-20260921\run-v1\arms\epsilon-1-seed-20260922\privacy-contract.json,optimizer is non-DP; model inherits conditional attribute-DP solely through cached RR preprocessing,20260922,0.7314,1.1223224993536631,10000,0.7920610093187679,0.7374,1.1239492570419043,10000,0.7958625604945431,0.7321,1.0922991826193793,10000,0.7934558201815108,20261931,,,,False,100,,,,,,,,512,"[128,64]",,,,,,,,,,,,,,,,,,,,,,
epsilon-1-seed-20260922,0.7495,1.1505365155246152,0.810200571293791,D2_50,1.0,mlp,558299,2d0a76059c9808deeefb893097fe8ce30fa9c20c4c4612ceb0ac2f6ab6a3adb4,351,e8afbf8267f033a48fbd646e821a0b017de471a3e6015be2bec1d4b8ef458ef6,cpu,,,,,13.81017760001123,"[24976,25024]","[14,3,25,6,7,10,25,20,10,100,2]",classical_income_classifier,mlp,fixed_vocabulary_one_hot,none; these are non-DP baseline models,1,Caller is responsible for disjoint evaluation rows; this function receives training arrays only.,20262940,"last input column S, explicitly supplied by caller",34cf77139a2aabbb63206ea939032dcdce6aaea3c87f38dfad8da6f718182221,binary_income_Y,6,X_with_S and y only; no separate evaluation input is accepted,50000,2.5.2,3.12.14,1.6.1,2.13.0+cu130,"[{""category"":""ConvergenceWarning"",""message"":""Stochastic Optimizer: Maximum iterations (100) reached and the optimization hasn't converged yet.""}]",32a2fbe929d400fbf055bae1d2a8b0837ed9bd759d18db0d9512e2d49a6b7507,<LOCAL_DRIVE_D>/model_audit_data\experiments\acs-attribute-dp-20260921\run-v1\arms\epsilon-1-seed-20260922\privacy-contract.json,optimizer is non-DP; model inherits conditional attribute-DP solely through cached RR preprocessing,20260922,0.743,1.1353365414376153,10000,0.8081218664610764,0.7457,1.1224304658075288,10000,0.8095722833381659,0.7445,1.113050599848705,10000,0.808594477578695,20262940,,,,False,100,,,,,,,,512,"[128,64]",,,,,,,,,,,,,,,,,,,,,,
epsilon-1-seed-20260922,0.7408,1.1847430429271808,0.7962409614223874,D2_100,1.0,mlp,558773,be3648d130c6419fd447b1e3b1492e32b03ca5650f5b327593455400d7d10735,351,e8afbf8267f033a48fbd646e821a0b017de471a3e6015be2bec1d4b8ef458ef6,cpu,,,,,13.881555300031323,"[25056,24944]","[14,3,25,6,7,10,25,20,10,100,2]",classical_income_classifier,mlp,fixed_vocabulary_one_hot,none; these are non-DP baseline models,1,Caller is responsible for disjoint evaluation rows; this function receives training arrays only.,20263949,"last input column S, explicitly supplied by caller",34cf77139a2aabbb63206ea939032dcdce6aaea3c87f38dfad8da6f718182221,binary_income_Y,6,X_with_S and y only; no separate evaluation input is accepted,50000,2.5.2,3.12.14,1.6.1,2.13.0+cu130,"[{""category"":""ConvergenceWarning"",""message"":""Stochastic Optimizer: Maximum iterations (100) reached and the optimization hasn't converged yet.""}]",ff9fc7ac7bdad78dc3a0821e56338ef3f4d32df2ad20baa86739a8e921840caa,<LOCAL_DRIVE_D>/model_audit_data\experiments\acs-attribute-dp-20260921\run-v1\arms\epsilon-1-seed-20260922\privacy-contract.json,optimizer is non-DP; model inherits conditional attribute-DP solely through cached RR preprocessing,20260922,0.7378,1.1571815915872947,10000,0.79634081222225,0.7407,1.1609302769230232,10000,0.7969305360067744,0.7395,1.1436533991395377,10000,0.7972051457085598,20263949,,,,False,100,,,,,,,,512,"[128,64]",,,,,,,,,,,,,,,,,,,,,,
epsilon-1-seed-20260922,0.7876,0.44928970820787645,0.8711458431343935,D1,1.0,slm_small,,,604,079484de113f220568266c360aa0d8f9f2d69d58f22c5b857d60fa937a86092c,cuda,,,,,5.151635600021109,"[25056,24944]","[14,3,25,6,7,10,25,20,10,100,2]",scratch_causal_record_language_model,slm_small,,none; these are non-DP baseline models,1,Caller is responsible for disjoint evaluation rows; this function receives training arrays only.,20260922,"last input column S, explicitly supplied by caller",34cf77139a2aabbb63206ea939032dcdce6aaea3c87f38dfad8da6f718182221,binary_income_Y,6,X_with_S and y only; no separate evaluation input is accepted,50000,2.5.2,3.12.14,1.6.1,2.13.0+cu130,[],f3b0f4cc5abfea4177713bc779f59b607c086d6ae1863912736fffaa54cefdb6,<LOCAL_DRIVE_D>/model_audit_data\experiments\acs-attribute-dp-20260921\run-v1\arms\epsilon-1-seed-20260922\privacy-contract.json,optimizer is non-DP; model inherits conditional attribute-DP solely through cached RR preprocessing,20260922,0.7878,0.45010762753589245,10000,0.8702667680536327,0.7881,0.4504052801799231,10000,0.8700249218955521,0.7879,0.4498046699595767,10000,0.8703793402294392,,,,,,,,,,,,,,,,bfloat16,5712040,13f876a153485bb45bfd44f6cdf494b7e24bea8fe83c6ffe6c91d3aa3743a79d,True,512,192,768,0.1,0.0003,6,3,1024,0.01,seeded training and minibatch shuffle; bitwise determinism across hardware/runtimes is not asserted,NVIDIA GeForce RTX 5080 Laptop GPU,"[2.0861731091690063,1.217772646522522,1.1657848347854614,1.14789840839386,1.1395709152603148,1.1340305530548096,1.1308210416030884,1.128112438850403]","[0.6472469999571331,0.6416760999709368,0.6334893999737687,0.6344425000133924,0.6398780000163242,0.6363547000219114,0.640805899980478,0.6390100999851711]",8,"softmax restricted to Y=0 and Y=1 logits after [BOS, X_1,...,X_10,S]",1381248,"softmax restricted to S=0 and S=1 logits after [BOS,X_1,...,X_10]","autoregressive next-token cross-entropy over every next token, including covariates, S, Y, and EOS"
epsilon-1-seed-20260922,0.7817,0.4494311234773788,0.8709992672807492,D2_0,1.0,slm_small,,,604,079484de113f220568266c360aa0d8f9f2d69d58f22c5b857d60fa937a86092c,cuda,,,,,5.162704200018197,"[25089,24911]","[14,3,25,6,7,10,25,20,10,100,2]",scratch_causal_record_language_model,slm_small,,none; these are non-DP baseline models,1,Caller is responsible for disjoint evaluation rows; this function receives training arrays only.,20261931,"last input column S, explicitly supplied by caller",34cf77139a2aabbb63206ea939032dcdce6aaea3c87f38dfad8da6f718182221,binary_income_Y,6,X_with_S and y only; no separate evaluation input is accepted,50000,2.5.2,3.12.14,1.6.1,2.13.0+cu130,[],9586cfbb2836ead32a520f8b489a4a79b63533e6d132a275337c132c9058c291,<LOCAL_DRIVE_D>/model_audit_data\experiments\acs-attribute-dp-20260921\run-v1\arms\epsilon-1-seed-20260922\privacy-contract.json,optimizer is non-DP; model inherits conditional attribute-DP solely through cached RR preprocessing,20260922,0.7852,0.4493152467130296,10000,0.8707407393183646,0.7849,0.4494066800160272,10000,0.8706323675968792,0.785,0.4492801974645721,10000,0.8708439104773573,,,,,,,,,,,,,,,,bfloat16,5712040,7bd7c7fea7c7bcd4b2c9b3f09889c4a3b069af1f1e50e1d6c7dd8e5b870f9b1d,True,512,192,768,0.1,0.0003,6,3,1024,0.01,seeded training and minibatch shuffle; bitwise determinism across hardware/runtimes is not asserted,NVIDIA GeForce RTX 5080 Laptop GPU,"[2.037365923347473,1.215470626182556,1.1657774656295776,1.1483842886734008,1.139806125831604,1.1349370685195923,1.1317794971084594,1.1287771453094482]","[0.6381504000164568,0.6325741000473499,0.6564001999795437,0.6393587999627925,0.6302856999682263,0.6367383999750018,0.6397150999982841,0.6541535999858752]",8,"softmax restricted to Y=0 and Y=1 logits after [BOS, X_1,...,X_10,S]",1381248,"softmax restricted to S=0 and S=1 logits after [BOS,X_1,...,X_10]","autoregressive next-token cross-entropy over every next token, including covariates, S, Y, and EOS"
epsilon-1-seed-20260922,0.7919,0.4474001943291152,0.8715637683371833,D2_50,1.0,slm_small,,,604,079484de113f220568266c360aa0d8f9f2d69d58f22c5b857d60fa937a86092c,cuda,,,,,5.419380299979821,"[24976,25024]","[14,3,25,6,7,10,25,20,10,100,2]",scratch_causal_record_language_model,slm_small,,none; these are non-DP baseline models,1,Caller is responsible for disjoint evaluation rows; this function receives training arrays only.,20262940,"last input column S, explicitly supplied by caller",34cf77139a2aabbb63206ea939032dcdce6aaea3c87f38dfad8da6f718182221,binary_income_Y,6,X_with_S and y only; no separate evaluation input is accepted,50000,2.5.2,3.12.14,1.6.1,2.13.0+cu130,[],17ece87bb5fce0e83895599648ae5f0b76447c8ea7db58488afd6672e4c38ed8,<LOCAL_DRIVE_D>/model_audit_data\experiments\acs-attribute-dp-20260921\run-v1\arms\epsilon-1-seed-20260922\privacy-contract.json,optimizer is non-DP; model inherits conditional attribute-DP solely through cached RR preprocessing,20260922,0.7894,0.4488272818790718,10000,0.870749880307054,0.7889,0.4490330148391549,10000,0.8705716610308571,0.7891,0.44853383137981107,10000,0.8708702733287632,,,,,,,,,,,,,,,,bfloat16,5712040,7b0c1381485db913504cdfc7d35af5535c95b3caca1f764d61bad24598f31b97,True,512,192,768,0.1,0.0003,6,3,1024,0.01,seeded training and minibatch shuffle; bitwise determinism across hardware/runtimes is not asserted,NVIDIA GeForce RTX 5080 Laptop GPU,"[2.057011692810059,1.2169391815567017,1.1659168104553224,1.148660733680725,1.1399476420974732,1.1346714044189452,1.1312906904602051,1.1290869874572753]","[0.6929323000367731,0.6394437000271864,0.6417329999967478,0.63691550004296,0.6565815000212751,0.7157706000143662,0.685637200018391,0.714329699985683]",8,"softmax restricted to Y=0 and Y=1 logits after [BOS, X_1,...,X_10,S]",1381248,"softmax restricted to S=0 and S=1 logits after [BOS,X_1,...,X_10]","autoregressive next-token cross-entropy over every next token, including covariates, S, Y, and EOS"
epsilon-1-seed-20260922,0.7913,0.4475692480335694,0.8717081439528499,D2_100,1.0,slm_small,,,604,079484de113f220568266c360aa0d8f9f2d69d58f22c5b857d60fa937a86092c,cuda,,,,,5.477546399983112,"[25056,24944]","[14,3,25,6,7,10,25,20,10,100,2]",scratch_causal_record_language_model,slm_small,,none; these are non-DP baseline models,1,Caller is responsible for disjoint evaluation rows; this function receives training arrays only.,20263949,"last input column S, explicitly supplied by caller",34cf77139a2aabbb63206ea939032dcdce6aaea3c87f38dfad8da6f718182221,binary_income_Y,6,X_with_S and y only; no separate evaluation input is accepted,50000,2.5.2,3.12.14,1.6.1,2.13.0+cu130,[],af8ecaecde0349686f0f7b11568e8cda3fa1075fea887da972999b750fbfefab,<LOCAL_DRIVE_D>/model_audit_data\experiments\acs-attribute-dp-20260921\run-v1\arms\epsilon-1-seed-20260922\privacy-contract.json,optimizer is non-DP; model inherits conditional attribute-DP solely through cached RR preprocessing,20260922,0.7896,0.44888908832604896,10000,0.8710421119148246,0.7909,0.44873542755531054,10000,0.8710940175289359,0.791,0.448653575191252,10000,0.8711124195192954,,,,,,,,,,,,,,,,bfloat16,5712040,6e6d48c6fc5e76564e7f41a778baaa1f0886be10142c5c78026686d58b739f77,True,512,192,768,0.1,0.0003,6,3,1024,0.01,seeded training and minibatch shuffle; bitwise determinism across hardware/runtimes is not asserted,NVIDIA GeForce RTX 5080 Laptop GPU,"[2.0903448157119753,1.2165793823623656,1.1651624611663818,1.1480796044921875,1.1389463335418701,1.1344792813491822,1.1307422606658935,1.1280624925231935]","[0.6921345999580808,0.6828961000428535,0.6956745999632403,0.7324317000457086,0.6990224000182934,0.6481636000098661,0.6483251000172459,0.64213719998952]",8,"softmax restricted to Y=0 and Y=1 logits after [BOS, X_1,...,X_10,S]",1381248,"softmax restricted to S=0 and S=1 logits after [BOS,X_1,...,X_10]","autoregressive next-token cross-entropy over every next token, including covariates, S, Y, and EOS"
epsilon-1-seed-20260922,0.7896,0.4480838831701698,0.8716364161947756,D1,1.0,slm_medium,,,604,079484de113f220568266c360aa0d8f9f2d69d58f22c5b857d60fa937a86092c,cuda,,,,,7.40003090002574,"[25056,24944]","[14,3,25,6,7,10,25,20,10,100,2]",scratch_causal_record_language_model,slm_medium,,none; these are non-DP baseline models,1,Caller is responsible for disjoint evaluation rows; this function receives training arrays only.,20260922,"last input column S, explicitly supplied by caller",34cf77139a2aabbb63206ea939032dcdce6aaea3c87f38dfad8da6f718182221,binary_income_Y,6,X_with_S and y only; no separate evaluation input is accepted,50000,2.5.2,3.12.14,1.6.1,2.13.0+cu130,[],34f57edaf0a0ed3410e7bc84373174aa23b100cbd60662d22885ba1e5e5b8294,<LOCAL_DRIVE_D>/model_audit_data\experiments\acs-attribute-dp-20260921\run-v1\arms\epsilon-1-seed-20260922\privacy-contract.json,optimizer is non-DP; model inherits conditional attribute-DP solely through cached RR preprocessing,20260922,0.7874,0.44976983520656194,10000,0.8706751322223012,0.7874,0.4497393028675526,10000,0.870648169305992,0.7883,0.44940541200226763,10000,0.8708341294194379,,,,,,,,,,,,,,,,bfloat16,13133892,2ca3f7c0c5797f3bb7d0851caac07fda50e5d3884826aad26689a0e012ef9e36,True,512,256,1024,0.1,0.0003,8,4,1024,0.01,seeded training and minibatch shuffle; bitwise determinism across hardware/runtimes is not asserted,NVIDIA GeForce RTX 5080 Laptop GPU,"[1.7340119329071044,1.176490609703064,1.1483516820526123,1.1374246390151979,1.1321124402618408,1.1283629285430907,1.1258025328445433,1.1240436479949951]","[0.9072455000132322,0.9068105999613181,0.9164290999760851,0.9201013999991119,0.9180565999704413,0.9206010999623686,0.9249670000281185,0.924274199991487]",8,"softmax restricted to Y=0 and Y=1 logits after [BOS, X_1,...,X_10,S]",3221248,"softmax restricted to S=0 and S=1 logits after [BOS,X_1,...,X_10]","autoregressive next-token cross-entropy over every next token, including covariates, S, Y, and EOS"
epsilon-1-seed-20260922,0.7833,0.4483425026640952,0.8718783023571829,D2_0,1.0,slm_medium,,,604,079484de113f220568266c360aa0d8f9f2d69d58f22c5b857d60fa937a86092c,cuda,,,,,8.237957399978768,"[25089,24911]","[14,3,25,6,7,10,25,20,10,100,2]",scratch_causal_record_language_model,slm_medium,,none; these are non-DP baseline models,1,Caller is responsible for disjoint evaluation rows; this function receives training arrays only.,20261931,"last input column S, explicitly supplied by caller",34cf77139a2aabbb63206ea939032dcdce6aaea3c87f38dfad8da6f718182221,binary_income_Y,6,X_with_S and y only; no separate evaluation input is accepted,50000,2.5.2,3.12.14,1.6.1,2.13.0+cu130,[],42dd2eed06e6e31606c7cc66285c060500634489a87e6a8703044f01fc099072,<LOCAL_DRIVE_D>/model_audit_data\experiments\acs-attribute-dp-20260921\run-v1\arms\epsilon-1-seed-20260922\privacy-contract.json,optimizer is non-DP; model inherits conditional attribute-DP solely through cached RR preprocessing,20260922,0.7841,0.44902649885298807,10000,0.8711759263881982,0.7841,0.44903863806499,10000,0.8711328217259979,0.7839,0.44890910363351816,10000,0.8713743878537904,,,,,,,,,,,,,,,,bfloat16,13133892,b786c848bd5b185f61dbac8fe7dfe9ad5e71a00c9af012a72829f894fd1088d3,True,512,256,1024,0.1,0.0003,8,4,1024,0.01,seeded training and minibatch shuffle; bitwise determinism across hardware/runtimes is not asserted,NVIDIA GeForce RTX 5080 Laptop GPU,"[1.7317195257568359,1.1786055005264282,1.1493719527816773,1.138656580657959,1.1329693662643432,1.1294046820831298,1.1274100259017945,1.125257826271057]","[0.915625200024806,0.9163445000303909,0.9431695999810472,1.1020138000021689,1.0782378999865614,1.0644216999644414,1.082463699975051,1.0830593999708071]",8,"softmax restricted to Y=0 and Y=1 logits after [BOS, X_1,...,X_10,S]",3221248,"softmax restricted to S=0 and S=1 logits after [BOS,X_1,...,X_10]","autoregressive next-token cross-entropy over every next token, including covariates, S, Y, and EOS"
epsilon-1-seed-20260922,0.7912,0.4458936427998082,0.8726127217919889,D2_50,1.0,slm_medium,,,604,079484de113f220568266c360aa0d8f9f2d69d58f22c5b857d60fa937a86092c,cuda,,,,,8.507928200007882,"[24976,25024]","[14,3,25,6,7,10,25,20,10,100,2]",scratch_causal_record_language_model,slm_medium,,none; these are non-DP baseline models,1,Caller is responsible for disjoint evaluation rows; this function receives training arrays only.,20262940,"last input column S, explicitly supplied by caller",34cf77139a2aabbb63206ea939032dcdce6aaea3c87f38dfad8da6f718182221,binary_income_Y,6,X_with_S and y only; no separate evaluation input is accepted,50000,2.5.2,3.12.14,1.6.1,2.13.0+cu130,[],5916030a1b492dba2ee799f3ee557ff369a869e9ca2a28687a5ee7d919d222d5,<LOCAL_DRIVE_D>/model_audit_data\experiments\acs-attribute-dp-20260921\run-v1\arms\epsilon-1-seed-20260922\privacy-contract.json,optimizer is non-DP; model inherits conditional attribute-DP solely through cached RR preprocessing,20260922,0.7905,0.44725826617618414,10000,0.8717300263196468,0.7908,0.4472360615249254,10000,0.8717351268713224,0.7909,0.4467252007889323,10000,0.8719596111515421,,,,,,,,,,,,,,,,bfloat16,13133892,714e537437b689e314a9e86ea3ae44f0a4904b5894295c9aaaa4ee7af9b176ac,True,512,256,1024,0.1,0.0003,8,4,1024,0.01,seeded training and minibatch shuffle; bitwise determinism across hardware/runtimes is not asserted,NVIDIA GeForce RTX 5080 Laptop GPU,"[1.733938466567993,1.1778413111877442,1.1486446843338012,1.1384189197540284,1.1328327154922486,1.1289819058990478,1.1263276369094848,1.1249110126876831]","[1.1401522000087425,1.058867400046438,1.0485523999668658,1.0887303999625146,1.0545259999926202,1.023871599987615,1.012103200017009,1.0264790000510402]",8,"softmax restricted to Y=0 and Y=1 logits after [BOS, X_1,...,X_10,S]",3221248,"softmax restricted to S=0 and S=1 logits after [BOS,X_1,...,X_10]","autoregressive next-token cross-entropy over every next token, including covariates, S, Y, and EOS"
epsilon-1-seed-20260922,0.7917,0.4456342426769039,0.8725354934389703,D2_100,1.0,slm_medium,,,604,079484de113f220568266c360aa0d8f9f2d69d58f22c5b857d60fa937a86092c,cuda,,,,,8.337295399978757,"[25056,24944]","[14,3,25,6,7,10,25,20,10,100,2]",scratch_causal_record_language_model,slm_medium,,none; these are non-DP baseline models,1,Caller is responsible for disjoint evaluation rows; this function receives training arrays only.,20263949,"last input column S, explicitly supplied by caller",34cf77139a2aabbb63206ea939032dcdce6aaea3c87f38dfad8da6f718182221,binary_income_Y,6,X_with_S and y only; no separate evaluation input is accepted,50000,2.5.2,3.12.14,1.6.1,2.13.0+cu130,[],01536baa1504484ef9bb8ac3005ab26b3a166e98954d06b284e3dcbc47f34f93,<LOCAL_DRIVE_D>/model_audit_data\experiments\acs-attribute-dp-20260921\run-v1\arms\epsilon-1-seed-20260922\privacy-contract.json,optimizer is non-DP; model inherits conditional attribute-DP solely through cached RR preprocessing,20260922,0.7902,0.44690435980708554,10000,0.8717500484852443,0.7901,0.44673833981514544,10000,0.8718244565332187,0.7904,0.4467473676949807,10000,0.8718129552892441,,,,,,,,,,,,,,,,bfloat16,13133892,8ff6d80f9c99324b767ae797386f937195b6d60f5af855d35b99302876e851c6,True,512,256,1024,0.1,0.0003,8,4,1024,0.01,seeded training and minibatch shuffle; bitwise determinism across hardware/runtimes is not asserted,NVIDIA GeForce RTX 5080 Laptop GPU,"[1.7419233366394042,1.1766298448944092,1.147745209465027,1.1372975660705567,1.1316779815673828,1.1280803745269776,1.1255878644180297,1.123663286895752]","[1.027927599963732,1.0116097999853082,0.9997832999797538,1.0210036999778822,1.0489705000072718,1.0588812999776565,1.0424843999790028,1.0601315000094473]",8,"softmax restricted to Y=0 and Y=1 logits after [BOS, X_1,...,X_10,S]",3221248,"softmax restricted to S=0 and S=1 logits after [BOS,X_1,...,X_10]","autoregressive next-token cross-entropy over every next token, including covariates, S, Y, and EOS"
epsilon-3-seed-20260921,0.7467,2.797732185281429,0.8052751385589867,D1,3.0,knn,1117423,06b42e01e8f285d6fdca1aab43db24296aa9d8286e82bb1e825124675aa8c587,370,ad82b74b98e88d047fecb99c227ad2d653888df937f57967dbac8dfc5189b66e,cpu,kd_tree,6,5,distance,0.17115249997004867,"[25056,24944]","[14,3,25,6,7,10,25,20,10,100,2]",classical_income_classifier,knn,fixed_range_scaled_category_codes_euclidean,none; these are non-DP baseline models,1,Caller is responsible for disjoint evaluation rows; this function receives training arrays only.,20260921,"last input column S, explicitly supplied by caller",34cf77139a2aabbb63206ea939032dcdce6aaea3c87f38dfad8da6f718182221,binary_income_Y,6,X_with_S and y only; no separate evaluation input is accepted,50000,2.5.2,3.12.14,1.6.1,2.13.0+cu130,[],84135d5d711b0b73ca98726b13b1b8e19be86e86df17b28a7d775486bcbe38dc,<LOCAL_DRIVE_D>/model_audit_data\experiments\acs-attribute-dp-20260921\run-v1\arms\epsilon-3-seed-20260921\privacy-contract.json,optimizer is non-DP; model inherits conditional attribute-DP solely through cached RR preprocessing,20260921,0.742,2.7331387030637684,10000,0.8036569835393397,0.7419,2.7446532149665352,10000,0.8029619683664985,0.7426,2.767407782860055,10000,0.803433979419214,,,,,,,,,,,,,,,,,,,,,,,,,,,,,,,,,,,,,
epsilon-3-seed-20260921,0.7383,2.7487350387057092,0.7986047370883633,D2_0,3.0,knn,1117080,640b298e173250408ed5eca7a82faa59e6918190398db19cd4cfc5dc13cd666c,370,ad82b74b98e88d047fecb99c227ad2d653888df937f57967dbac8dfc5189b66e,cpu,kd_tree,6,5,distance,0.18686120002530515,"[25089,24911]","[14,3,25,6,7,10,25,20,10,100,2]",classical_income_classifier,knn,fixed_range_scaled_category_codes_euclidean,none; these are non-DP baseline models,1,Caller is responsible for disjoint evaluation rows; this function receives training arrays only.,20261930,"last input column S, explicitly supplied by caller",34cf77139a2aabbb63206ea939032dcdce6aaea3c87f38dfad8da6f718182221,binary_income_Y,6,X_with_S and y only; no separate evaluation input is accepted,50000,2.5.2,3.12.14,1.6.1,2.13.0+cu130,[],877db70223244ce18e58f280eadc3f65c2de1ab4f7c5cc5e76a7d7ed13c2aff1,<LOCAL_DRIVE_D>/model_audit_data\experiments\acs-attribute-dp-20260921\run-v1\arms\epsilon-3-seed-20260921\privacy-contract.json,optimizer is non-DP; model inherits conditional attribute-DP solely through cached RR preprocessing,20260921,0.7395,2.6898803260714668,10000,0.7996093657489993,0.7392,2.653213537145254,10000,0.7995598203901734,0.7389,2.710857290586051,10000,0.7992190235295848,,,,,,,,,,,,,,,,,,,,,,,,,,,,,,,,,,,,,
epsilon-3-seed-20260921,0.7411,2.8712164564517746,0.8016499264560455,D2_50,3.0,knn,1117525,ddcc39fac017b7762256e28c7fbb612621c0003ef1303da1dcd1dc337dad307c,370,ad82b74b98e88d047fecb99c227ad2d653888df937f57967dbac8dfc5189b66e,cpu,kd_tree,6,5,distance,0.17223629995714873,"[24976,25024]","[14,3,25,6,7,10,25,20,10,100,2]",classical_income_classifier,knn,fixed_range_scaled_category_codes_euclidean,none; these are non-DP baseline models,1,Caller is responsible for disjoint evaluation rows; this function receives training arrays only.,20262939,"last input column S, explicitly supplied by caller",34cf77139a2aabbb63206ea939032dcdce6aaea3c87f38dfad8da6f718182221,binary_income_Y,6,X_with_S and y only; no separate evaluation input is accepted,50000,2.5.2,3.12.14,1.6.1,2.13.0+cu130,[],b7b59238049531aeb11c73fc227b1a2bf2af56db500884330d2db54e2b0b54ae,<LOCAL_DRIVE_D>/model_audit_data\experiments\acs-attribute-dp-20260921\run-v1\arms\epsilon-3-seed-20260921\privacy-contract.json,optimizer is non-DP; model inherits conditional attribute-DP solely through cached RR preprocessing,20260921,0.7406,2.8297755212801823,10000,0.8018862520170184,0.74,2.8201282572880815,10000,0.8015427948686928,0.7398,2.837237188327394,10000,0.8015348340076462,,,,,,,,,,,,,,,,,,,,,,,,,,,,,,,,,,,,,
epsilon-3-seed-20260921,0.7467,2.797732185281429,0.8052751385589867,D2_100,3.0,knn,1117423,06b42e01e8f285d6fdca1aab43db24296aa9d8286e82bb1e825124675aa8c587,370,ad82b74b98e88d047fecb99c227ad2d653888df937f57967dbac8dfc5189b66e,cpu,kd_tree,6,5,distance,0.16392239998094738,"[25056,24944]","[14,3,25,6,7,10,25,20,10,100,2]",classical_income_classifier,knn,fixed_range_scaled_category_codes_euclidean,none; these are non-DP baseline models,1,Caller is responsible for disjoint evaluation rows; this function receives training arrays only.,20263948,"last input column S, explicitly supplied by caller",34cf77139a2aabbb63206ea939032dcdce6aaea3c87f38dfad8da6f718182221,binary_income_Y,6,X_with_S and y only; no separate evaluation input is accepted,50000,2.5.2,3.12.14,1.6.1,2.13.0+cu130,[],26aa58a6be84125c14d520508a4e251e2c12caafd98b376e0dfb0923299e4d27,<LOCAL_DRIVE_D>/model_audit_data\experiments\acs-attribute-dp-20260921\run-v1\arms\epsilon-3-seed-20260921\privacy-contract.json,optimizer is non-DP; model inherits conditional attribute-DP solely through cached RR preprocessing,20260921,0.742,2.7331387030637684,10000,0.8036569835393397,0.741,2.7595664351279745,10000,0.8019949237709552,0.7426,2.767407782860055,10000,0.803433979419214,,,,,,,,,,,,,,,,,,,,,,,,,,,,,,,,,,,,,
epsilon-3-seed-20260921,0.7199,8.218140229610654,0.7286715931195117,D1,3.0,decision_tree,277189,f71c32194562233819711da27fcb9cf76de019ad432545f186200056ae928910,364,1142ecb81d085caa18d5a8ae43d8c5a4ac2ccaf5b9ac6b6e6536971e46ccba25,cpu,,,,,0.13281139999162406,"[25056,24944]","[14,3,25,6,7,10,25,20,10,100,2]",classical_income_classifier,decision_tree,raw_category_codes_as_ordered_numeric,none; these are non-DP baseline models,1,Caller is responsible for disjoint evaluation rows; this function receives training arrays only.,20260921,"last input column S, explicitly supplied by caller",34cf77139a2aabbb63206ea939032dcdce6aaea3c87f38dfad8da6f718182221,binary_income_Y,6,X_with_S and y only; no separate evaluation input is accepted,50000,2.5.2,3.12.14,1.6.1,2.13.0+cu130,[],4ddc5753feeac72614ac34279cc1e7377083cf3c65a253a7f704ea4139bdd985,<LOCAL_DRIVE_D>/model_audit_data\experiments\acs-attribute-dp-20260921\run-v1\arms\epsilon-3-seed-20260921\privacy-contract.json,optimizer is non-DP; model inherits conditional attribute-DP solely through cached RR preprocessing,20260921,0.7202,8.227394804311352,10000,0.7287260190062157,0.7202,8.220790053267216,10000,0.7287777045965291,0.721,8.195574300895492,10000,0.7295618694117955,20260921,,,,,,,,,,,,,,,,,,,,,,,,,,,,,,,,,,,,
epsilon-3-seed-20260921,0.7193,8.191531806714355,0.7285044950461841,D2_0,3.0,decision_tree,275466,77902fe165a980aa6b8a1eb1c136db60c598e444fae21b4b2ed83ef5d7ad84db,364,1142ecb81d085caa18d5a8ae43d8c5a4ac2ccaf5b9ac6b6e6536971e46ccba25,cpu,,,,,0.11943680001422763,"[25089,24911]","[14,3,25,6,7,10,25,20,10,100,2]",classical_income_classifier,decision_tree,raw_category_codes_as_ordered_numeric,none; these are non-DP baseline models,1,Caller is responsible for disjoint evaluation rows; this function receives training arrays only.,20261930,"last input column S, explicitly supplied by caller",34cf77139a2aabbb63206ea939032dcdce6aaea3c87f38dfad8da6f718182221,binary_income_Y,6,X_with_S and y only; no separate evaluation input is accepted,50000,2.5.2,3.12.14,1.6.1,2.13.0+cu130,[],1da83d72a7c1afb49e289df756ffd839a877de76b732dc527d5b94cbf6797b64,<LOCAL_DRIVE_D>/model_audit_data\experiments\acs-attribute-dp-20260921\run-v1\arms\epsilon-3-seed-20260921\privacy-contract.json,optimizer is non-DP; model inherits conditional attribute-DP solely through cached RR preprocessing,20260921,0.7164,8.29219435612453,10000,0.7252161193754717,0.7143,8.368027522181801,10000,0.7227005672933584,0.7158,8.292921254574798,10000,0.725068463405002,20261930,,,,,,,,,,,,,,,,,,,,,,,,,,,,,,,,,,,,
epsilon-3-seed-20260921,0.7188,8.247380401043975,0.7259272562920406,D2_50,3.0,decision_tree,272962,0bc9b784839f83c68137ed0b98274d9b7d371167f356dd88e46de013cf29dd33,364,1142ecb81d085caa18d5a8ae43d8c5a4ac2ccaf5b9ac6b6e6536971e46ccba25,cpu,,,,,0.1229270999901928,"[24976,25024]","[14,3,25,6,7,10,25,20,10,100,2]",classical_income_classifier,decision_tree,raw_category_codes_as_ordered_numeric,none; these are non-DP baseline models,1,Caller is responsible for disjoint evaluation rows; this function receives training arrays only.,20262939,"last input column S, explicitly supplied by caller",34cf77139a2aabbb63206ea939032dcdce6aaea3c87f38dfad8da6f718182221,binary_income_Y,6,X_with_S and y only; no separate evaluation input is accepted,50000,2.5.2,3.12.14,1.6.1,2.13.0+cu130,[],8a936710e63ea0e41b1c76fe62d8c0ac7ea227c78d62612ecf6514f0bfe6dfef,<LOCAL_DRIVE_D>/model_audit_data\experiments\acs-attribute-dp-20260921\run-v1\arms\epsilon-3-seed-20260921\privacy-contract.json,optimizer is non-DP; model inherits conditional attribute-DP solely through cached RR preprocessing,20260921,0.7179,8.384666302029018,10000,0.7228028983614869,0.7185,8.373957835100612,10000,0.7230891893267175,0.7186,8.34596677858791,10000,0.7236292277372721,20262939,,,,,,,,,,,,,,,,,,,,,,,,,,,,,,,,,,,,
epsilon-3-seed-20260921,0.7205,8.210698317252799,0.7288247896892528,D2_100,3.0,decision_tree,276489,9e47f23e3d91cddc6378d618acd30bbc5489a8ce303a8ecb8037293b809741e5,364,1142ecb81d085caa18d5a8ae43d8c5a4ac2ccaf5b9ac6b6e6536971e46ccba25,cpu,,,,,0.1194460999686271,"[25056,24944]","[14,3,25,6,7,10,25,20,10,100,2]",classical_income_classifier,decision_tree,raw_category_codes_as_ordered_numeric,none; these are non-DP baseline models,1,Caller is responsible for disjoint evaluation rows; this function receives training arrays only.,20263948,"last input column S, explicitly supplied by caller",34cf77139a2aabbb63206ea939032dcdce6aaea3c87f38dfad8da6f718182221,binary_income_Y,6,X_with_S and y only; no separate evaluation input is accepted,50000,2.5.2,3.12.14,1.6.1,2.13.0+cu130,[],d7b7de2edcf678d38c4ae4bf4aa88caef4f418d98f61121781e460f0c0a00f7b,<LOCAL_DRIVE_D>/model_audit_data\experiments\acs-attribute-dp-20260921\run-v1\arms\epsilon-3-seed-20260921\privacy-contract.json,optimizer is non-DP; model inherits conditional attribute-DP solely through cached RR preprocessing,20260921,0.7208,8.226413771360287,10000,0.7291721272572842,0.7229,8.183118438980257,10000,0.7305858201623088,0.7213,8.205337049243104,10000,0.7296858828250863,20263948,,,,,,,,,,,,,,,,,,,,,,,,,,,,,,,,,,,,
epsilon-3-seed-20260921,0.7761,0.475159588875545,0.8586092271740111,D1,3.0,random_forest,18265948,eb6ab8a24e95286694d431072cdebe006045977f820856e4be396f0ceea27709,364,1142ecb81d085caa18d5a8ae43d8c5a4ac2ccaf5b9ac6b6e6536971e46ccba25,cpu,,6,,,1.1837272999691777,"[25056,24944]","[14,3,25,6,7,10,25,20,10,100,2]",classical_income_classifier,random_forest,raw_category_codes_as_ordered_numeric,none; these are non-DP baseline models,1,Caller is responsible for disjoint evaluation rows; this function receives training arrays only.,20260921,"last input column S, explicitly supplied by caller",34cf77139a2aabbb63206ea939032dcdce6aaea3c87f38dfad8da6f718182221,binary_income_Y,6,X_with_S and y only; no separate evaluation input is accepted,50000,2.5.2,3.12.14,1.6.1,2.13.0+cu130,[],b1f7bd9fa48202ccbf3c4550e92f1102be8a1167f217146926cd5f512fa0e828,<LOCAL_DRIVE_D>/model_audit_data\experiments\acs-attribute-dp-20260921\run-v1\arms\epsilon-3-seed-20260921\privacy-contract.json,optimizer is non-DP; model inherits conditional attribute-DP solely through cached RR preprocessing,20260921,0.777,0.47065055707430153,10000,0.8593431465547314,0.777,0.4710283119485103,10000,0.8592826800146705,0.7767,0.47035613562603773,10000,0.8595523091777606,20260921,18,100,,,,,,,,,,,,,,,,,,,,,,,,,,,,,,,,,,
epsilon-3-seed-20260921,0.7759,0.47487040945767384,0.8581046926035519,D2_0,3.0,random_forest,18216545,190bde08ee9b087aa9fba202a8934adde2767c621e155c260e87fdcf803370a6,364,1142ecb81d085caa18d5a8ae43d8c5a4ac2ccaf5b9ac6b6e6536971e46ccba25,cpu,,6,,,1.1947328000096604,"[25089,24911]","[14,3,25,6,7,10,25,20,10,100,2]",classical_income_classifier,random_forest,raw_category_codes_as_ordered_numeric,none; these are non-DP baseline models,1,Caller is responsible for disjoint evaluation rows; this function receives training arrays only.,20261930,"last input column S, explicitly supplied by caller",34cf77139a2aabbb63206ea939032dcdce6aaea3c87f38dfad8da6f718182221,binary_income_Y,6,X_with_S and y only; no separate evaluation input is accepted,50000,2.5.2,3.12.14,1.6.1,2.13.0+cu130,[],1305d92a5f402eff27fbe440f59a6627d7a0911471d80abffe448fbc8c8261af,<LOCAL_DRIVE_D>/model_audit_data\experiments\acs-attribute-dp-20260921\run-v1\arms\epsilon-3-seed-20260921\privacy-contract.json,optimizer is non-DP; model inherits conditional attribute-DP solely through cached RR preprocessing,20260921,0.7743,0.4718112177571866,10000,0.8575416117007215,0.7738,0.47219155114404804,10000,0.857265701858313,0.774,0.4719348831209848,10000,0.8574780648274917,20261930,18,100,,,,,,,,,,,,,,,,,,,,,,,,,,,,,,,,,,
epsilon-3-seed-20260921,0.7767,0.4724770261459114,0.8574571825688666,D2_50,3.0,random_forest,18078125,e0d752d25f93be90874077f0a889047c9f1d85fa6c7b591ab3c68efb3b1be456,364,1142ecb81d085caa18d5a8ae43d8c5a4ac2ccaf5b9ac6b6e6536971e46ccba25,cpu,,6,,,1.1335483000148088,"[24976,25024]","[14,3,25,6,7,10,25,20,10,100,2]",classical_income_classifier,random_forest,raw_category_codes_as_ordered_numeric,none; these are non-DP baseline models,1,Caller is responsible for disjoint evaluation rows; this function receives training arrays only.,20262939,"last input column S, explicitly supplied by caller",34cf77139a2aabbb63206ea939032dcdce6aaea3c87f38dfad8da6f718182221,binary_income_Y,6,X_with_S and y only; no separate evaluation input is accepted,50000,2.5.2,3.12.14,1.6.1,2.13.0+cu130,[],954be7abdbb5174d6a1111d755b073747330072b8bc33a0f64798a7e5815d2bf,<LOCAL_DRIVE_D>/model_audit_data\experiments\acs-attribute-dp-20260921\run-v1\arms\epsilon-3-seed-20260921\privacy-contract.json,optimizer is non-DP; model inherits conditional attribute-DP solely through cached RR preprocessing,20260921,0.7733,0.47703362015340534,10000,0.8568177934125354,0.7749,0.47633887547348724,10000,0.8574382005157678,0.7744,0.4765654990486617,10000,0.8570572793153308,20262939,18,100,,,,,,,,,,,,,,,,,,,,,,,,,,,,,,,,,,
epsilon-3-seed-20260921,0.7763,0.47827107656481105,0.8587507824846335,D2_100,3.0,random_forest,18261274,14f00caf25e28d718a2e632833cc0ec7a11e71a018da2ce349f8b8a19f8fa907,364,1142ecb81d085caa18d5a8ae43d8c5a4ac2ccaf5b9ac6b6e6536971e46ccba25,cpu,,6,,,1.1213677999912761,"[25056,24944]","[14,3,25,6,7,10,25,20,10,100,2]",classical_income_classifier,random_forest,raw_category_codes_as_ordered_numeric,none; these are non-DP baseline models,1,Caller is responsible for disjoint evaluation rows; this function receives training arrays only.,20263948,"last input column S, explicitly supplied by caller",34cf77139a2aabbb63206ea939032dcdce6aaea3c87f38dfad8da6f718182221,binary_income_Y,6,X_with_S and y only; no separate evaluation input is accepted,50000,2.5.2,3.12.14,1.6.1,2.13.0+cu130,[],c616d1a289a51812e8b0550f177a4d34646017f908605b57bfbf5d6f38f2e2a3,<LOCAL_DRIVE_D>/model_audit_data\experiments\acs-attribute-dp-20260921\run-v1\arms\epsilon-3-seed-20260921\privacy-contract.json,optimizer is non-DP; model inherits conditional attribute-DP solely through cached RR preprocessing,20260921,0.7766,0.47746482195556383,10000,0.8589552646014194,0.7769,0.4777071076731926,10000,0.8589043390933164,0.7766,0.4771928902972379,10000,0.8592037514777598,20263948,18,100,,,,,,,,,,,,,,,,,,,,,,,,,,,,,,,,,,
epsilon-3-seed-20260921,0.7746,0.4655942532612243,0.8603920200008834,D1,3.0,extra_trees,22449175,71ee77f1207418c86523f2e9c429f81b37cb413a48806784c58bcb3538a3540d,364,1142ecb81d085caa18d5a8ae43d8c5a4ac2ccaf5b9ac6b6e6536971e46ccba25,cpu,,6,,,1.0882242000079714,"[25056,24944]","[14,3,25,6,7,10,25,20,10,100,2]",classical_income_classifier,extra_trees,raw_category_codes_as_ordered_numeric,none; these are non-DP baseline models,1,Caller is responsible for disjoint evaluation rows; this function receives training arrays only.,20260921,"last input column S, explicitly supplied by caller",34cf77139a2aabbb63206ea939032dcdce6aaea3c87f38dfad8da6f718182221,binary_income_Y,6,X_with_S and y only; no separate evaluation input is accepted,50000,2.5.2,3.12.14,1.6.1,2.13.0+cu130,[],277244467a9a67c574ee88c4c69a0de9cc9065243ad012c195247791402c9386,<LOCAL_DRIVE_D>/model_audit_data\experiments\acs-attribute-dp-20260921\run-v1\arms\epsilon-3-seed-20260921\privacy-contract.json,optimizer is non-DP; model inherits conditional attribute-DP solely through cached RR preprocessing,20260921,0.7723,0.4682555136986761,10000,0.8586978367580237,0.772,0.4688301728098206,10000,0.8582797515379263,0.7729,0.46756659428637176,10000,0.8591305835639182,20260921,18,100,,,,,,,,,,,,,,,,,,,,,,,,,,,,,,,,,,
epsilon-3-seed-20260921,0.7812,0.46765037423056144,0.8599663339586812,D2_0,3.0,extra_trees,21853353,c38a30c43bc69a3db68661f1ed3dc3b74523241eee74c171529323f4040660cd,364,1142ecb81d085caa18d5a8ae43d8c5a4ac2ccaf5b9ac6b6e6536971e46ccba25,cpu,,6,,,1.0670597000280395,"[25089,24911]","[14,3,25,6,7,10,25,20,10,100,2]",classical_income_classifier,extra_trees,raw_category_codes_as_ordered_numeric,none; these are non-DP baseline models,1,Caller is responsible for disjoint evaluation rows; this function receives training arrays only.,20261930,"last input column S, explicitly supplied by caller",34cf77139a2aabbb63206ea939032dcdce6aaea3c87f38dfad8da6f718182221,binary_income_Y,6,X_with_S and y only; no separate evaluation input is accepted,50000,2.5.2,3.12.14,1.6.1,2.13.0+cu130,[],e4de25967a2a477b432c78ddc7426cbee13c09694bf04eb03c14e59c2b7f3c60,<LOCAL_DRIVE_D>/model_audit_data\experiments\acs-attribute-dp-20260921\run-v1\arms\epsilon-3-seed-20260921\privacy-contract.json,optimizer is non-DP; model inherits conditional attribute-DP solely through cached RR preprocessing,20260921,0.7804,0.46940822022558676,10000,0.8587887265886678,0.7798,0.47024792370052626,10000,0.8581719798813439,0.7804,0.46917427445659016,10000,0.8587928270321719,20261930,18,100,,,,,,,,,,,,,,,,,,,,,,,,,,,,,,,,,,
epsilon-3-seed-20260921,0.7758,0.4681819520381734,0.8589272015661215,D2_50,3.0,extra_trees,22205207,693bcf7f91e21032bdf0500998ed8a1d678f3e2f40e55311000cfd96ecf78980,364,1142ecb81d085caa18d5a8ae43d8c5a4ac2ccaf5b9ac6b6e6536971e46ccba25,cpu,,6,,,1.053494599997066,"[24976,25024]","[14,3,25,6,7,10,25,20,10,100,2]",classical_income_classifier,extra_trees,raw_category_codes_as_ordered_numeric,none; these are non-DP baseline models,1,Caller is responsible for disjoint evaluation rows; this function receives training arrays only.,20262939,"last input column S, explicitly supplied by caller",34cf77139a2aabbb63206ea939032dcdce6aaea3c87f38dfad8da6f718182221,binary_income_Y,6,X_with_S and y only; no separate evaluation input is accepted,50000,2.5.2,3.12.14,1.6.1,2.13.0+cu130,[],b59658a93e84a673a88dcf1dff7e7b28af168a8e93e54e2dd76bace051ccebfd,<LOCAL_DRIVE_D>/model_audit_data\experiments\acs-attribute-dp-20260921\run-v1\arms\epsilon-3-seed-20260921\privacy-contract.json,optimizer is non-DP; model inherits conditional attribute-DP solely through cached RR preprocessing,20260921,0.7786,0.46774306734602333,10000,0.8594287358120656,0.7802,0.4667314044729143,10000,0.8603061507132612,0.7796,0.466847712939303,10000,0.859998917482915,20262939,18,100,,,,,,,,,,,,,,,,,,,,,,,,,,,,,,,,,,
epsilon-3-seed-20260921,0.7759,0.465918952322523,0.8601964388468257,D2_100,3.0,extra_trees,21938405,36c6f1e9df4fd71b424b03712f55c4ae5e4b1fad3e31cb3c48388113b4895768,364,1142ecb81d085caa18d5a8ae43d8c5a4ac2ccaf5b9ac6b6e6536971e46ccba25,cpu,,6,,,1.0961535000242293,"[25056,24944]","[14,3,25,6,7,10,25,20,10,100,2]",classical_income_classifier,extra_trees,raw_category_codes_as_ordered_numeric,none; these are non-DP baseline models,1,Caller is responsible for disjoint evaluation rows; this function receives training arrays only.,20263948,"last input column S, explicitly supplied by caller",34cf77139a2aabbb63206ea939032dcdce6aaea3c87f38dfad8da6f718182221,binary_income_Y,6,X_with_S and y only; no separate evaluation input is accepted,50000,2.5.2,3.12.14,1.6.1,2.13.0+cu130,[],f20b27893800d490fd84c9f4dbf06e3031bf06a70335090419ffdd181465da6c,<LOCAL_DRIVE_D>/model_audit_data\experiments\acs-attribute-dp-20260921\run-v1\arms\epsilon-3-seed-20260921\privacy-contract.json,optimizer is non-DP; model inherits conditional attribute-DP solely through cached RR preprocessing,20260921,0.7744,0.4682352896835013,10000,0.8584181665088896,0.7744,0.4691754794565813,10000,0.8575733751362546,0.775,0.4673851347761001,10000,0.8589529243482975,20263948,18,100,,,,,,,,,,,,,,,,,,,,,,,,,,,,,,,,,,
epsilon-3-seed-20260921,0.7904,0.4451274070340025,0.8734067476738283,D1,3.0,hist_gradient_boosting,203880,7f807ef176da82143417a3037ca847614fa81b8d28d84e8fc9205b4065a3998e,365,ab5742d6b86291f53abae479b597104164d49365b842723fb128f01a132d96fb,cpu,,,,,0.303877400001511,"[25056,24944]","[14,3,25,6,7,10,25,20,10,100,2]",classical_income_classifier,hist_gradient_boosting,native_categorical_fixed_integer_codes,none; these are non-DP baseline models,1,Caller is responsible for disjoint evaluation rows; this function receives training arrays only.,20260921,"last input column S, explicitly supplied by caller",34cf77139a2aabbb63206ea939032dcdce6aaea3c87f38dfad8da6f718182221,binary_income_Y,6,X_with_S and y only; no separate evaluation input is accepted,50000,2.5.2,3.12.14,1.6.1,2.13.0+cu130,[],c5cfdbddd3b9617d4f7010e1b3ca157d519200f08b59f68252b77997f67ddac3,<LOCAL_DRIVE_D>/model_audit_data\experiments\acs-attribute-dp-20260921\run-v1\arms\epsilon-3-seed-20260921\privacy-contract.json,optimizer is non-DP; model inherits conditional attribute-DP solely through cached RR preprocessing,20260921,0.7894,0.4455455230770685,10000,0.8730035840676527,0.7885,0.44516371263642385,10000,0.8732321887935399,0.7893,0.445092542819566,10000,0.8732916552254292,20260921,,,"[true,true,true,true,true,true,true,true,true,true,true]",False,120,31,,,,,,,,,,,,,,,,,,,,,,,,,,,,,,
epsilon-3-seed-20260921,0.7866,0.4486227032057155,0.8709057571666952,D2_0,3.0,hist_gradient_boosting,203870,2bb59b9d6c6c56db7737db997f84dcee5c79a3c1e0c02bea472df9655f241aa2,365,ab5742d6b86291f53abae479b597104164d49365b842723fb128f01a132d96fb,cpu,,,,,0.2933807999943383,"[25089,24911]","[14,3,25,6,7,10,25,20,10,100,2]",classical_income_classifier,hist_gradient_boosting,native_categorical_fixed_integer_codes,none; these are non-DP baseline models,1,Caller is responsible for disjoint evaluation rows; this function receives training arrays only.,20261930,"last input column S, explicitly supplied by caller",34cf77139a2aabbb63206ea939032dcdce6aaea3c87f38dfad8da6f718182221,binary_income_Y,6,X_with_S and y only; no separate evaluation input is accepted,50000,2.5.2,3.12.14,1.6.1,2.13.0+cu130,[],da89873530ff5b5bd5c2954a2fa5981f670da96bb553d46613824aacbfcfe31f,<LOCAL_DRIVE_D>/model_audit_data\experiments\acs-attribute-dp-20260921\run-v1\arms\epsilon-3-seed-20260921\privacy-contract.json,optimizer is non-DP; model inherits conditional attribute-DP solely through cached RR preprocessing,20260921,0.7895,0.44816773609282234,10000,0.871273576950083,0.7897,0.44826677805591153,10000,0.8712297322078356,0.7894,0.4478178037588702,10000,0.8714772789824947,20261930,,,"[true,true,true,true,true,true,true,true,true,true,true]",False,120,31,,,,,,,,,,,,,,,,,,,,,,,,,,,,,,
epsilon-3-seed-20260921,0.7897,0.4459167753128755,0.8728440468121031,D2_50,3.0,hist_gradient_boosting,204682,9d4eaf3a5059a9cb1e5b05e8ac8ba0a289a2f9eecf1061cfdd247f11b87036c3,365,ab5742d6b86291f53abae479b597104164d49365b842723fb128f01a132d96fb,cpu,,,,,0.2961414000019431,"[24976,25024]","[14,3,25,6,7,10,25,20,10,100,2]",classical_income_classifier,hist_gradient_boosting,native_categorical_fixed_integer_codes,none; these are non-DP baseline models,1,Caller is responsible for disjoint evaluation rows; this function receives training arrays only.,20262939,"last input column S, explicitly supplied by caller",34cf77139a2aabbb63206ea939032dcdce6aaea3c87f38dfad8da6f718182221,binary_income_Y,6,X_with_S and y only; no separate evaluation input is accepted,50000,2.5.2,3.12.14,1.6.1,2.13.0+cu130,[],25362ed2a6c4936cda4907f0345e74e7c0e0ec14c8542a783ff119dde0b683e5,<LOCAL_DRIVE_D>/model_audit_data\experiments\acs-attribute-dp-20260921\run-v1\arms\epsilon-3-seed-20260921\privacy-contract.json,optimizer is non-DP; model inherits conditional attribute-DP solely through cached RR preprocessing,20260921,0.7903,0.44627263297685293,10000,0.8724039192079015,0.7899,0.4459890986228451,10000,0.8726306637325894,0.7899,0.44587271594697087,10000,0.872624563072742,20262939,,,"[true,true,true,true,true,true,true,true,true,true,true]",False,120,31,,,,,,,,,,,,,,,,,,,,,,,,,,,,,,
epsilon-3-seed-20260921,0.7904,0.4451274070340025,0.8734067476738283,D2_100,3.0,hist_gradient_boosting,203883,669dc61e9edba5b29c09cd76c1df51047a63eb5588c9f9b76bb3f27efeb2d4e9,365,ab5742d6b86291f53abae479b597104164d49365b842723fb128f01a132d96fb,cpu,,,,,0.2978830999927595,"[25056,24944]","[14,3,25,6,7,10,25,20,10,100,2]",classical_income_classifier,hist_gradient_boosting,native_categorical_fixed_integer_codes,none; these are non-DP baseline models,1,Caller is responsible for disjoint evaluation rows; this function receives training arrays only.,20263948,"last input column S, explicitly supplied by caller",34cf77139a2aabbb63206ea939032dcdce6aaea3c87f38dfad8da6f718182221,binary_income_Y,6,X_with_S and y only; no separate evaluation input is accepted,50000,2.5.2,3.12.14,1.6.1,2.13.0+cu130,[],ee39229cec4d017d3061f1a6d811d34f6c0a1447d249974e57733ff85005c3cc,<LOCAL_DRIVE_D>/model_audit_data\experiments\acs-attribute-dp-20260921\run-v1\arms\epsilon-3-seed-20260921\privacy-contract.json,optimizer is non-DP; model inherits conditional attribute-DP solely through cached RR preprocessing,20260921,0.7894,0.4455455230770685,10000,0.8730035840676527,0.7893,0.4460404412188551,10000,0.8727279742576958,0.7893,0.445092542819566,10000,0.8732916552254292,20263948,,,"[true,true,true,true,true,true,true,true,true,true,true]",False,120,31,,,,,,,,,,,,,,,,,,,,,,,,,,,,,,
epsilon-3-seed-20260921,0.791,0.4444228672489421,0.8735633446113532,D1,3.0,xgboost,170865,78d4f454ede48444ca6c5ee1cf622068a4dded5595f7c08a188d5672ec5198fc,364,1142ecb81d085caa18d5a8ae43d8c5a4ac2ccaf5b9ac6b6e6536971e46ccba25,cpu,,6,,,0.12625719996867701,"[25056,24944]","[14,3,25,6,7,10,25,20,10,100,2]",classical_income_classifier,xgboost,raw_category_codes_as_ordered_numeric,none; these are non-DP baseline models,1,Caller is responsible for disjoint evaluation rows; this function receives training arrays only.,20260921,"last input column S, explicitly supplied by caller",34cf77139a2aabbb63206ea939032dcdce6aaea3c87f38dfad8da6f718182221,binary_income_Y,6,X_with_S and y only; no separate evaluation input is accepted,50000,2.5.2,3.12.14,1.6.1,2.13.0+cu130,[],82c84aceea8e1bd7a4ad4c6812b11e755c6a8877f6a62e9b34eec960638ec9f9,<LOCAL_DRIVE_D>/model_audit_data\experiments\acs-attribute-dp-20260921\run-v1\arms\epsilon-3-seed-20260921\privacy-contract.json,optimizer is non-DP; model inherits conditional attribute-DP solely through cached RR preprocessing,20260921,0.7897,0.4446127271213265,10000,0.8733326596604689,0.7896,0.44474356474621,10000,0.8731956248387825,0.7904,0.4441177345366852,10000,0.873621730926417,20260921,6,120,,,,,logloss,0.1,binary:logistic,hist,2.1.4,,,,,,,,,,,,,,,,,,,,,,,,,
epsilon-3-seed-20260921,0.7883,0.4481490328078783,0.8712815378111296,D2_0,3.0,xgboost,176132,0c44bbf7a5fbdf84c78cf6fdb49f42f8e5b07d13c26e3cfaa78145b12b691ab9,364,1142ecb81d085caa18d5a8ae43d8c5a4ac2ccaf5b9ac6b6e6536971e46ccba25,cpu,,6,,,0.13349609996657819,"[25089,24911]","[14,3,25,6,7,10,25,20,10,100,2]",classical_income_classifier,xgboost,raw_category_codes_as_ordered_numeric,none; these are non-DP baseline models,1,Caller is responsible for disjoint evaluation rows; this function receives training arrays only.,20261930,"last input column S, explicitly supplied by caller",34cf77139a2aabbb63206ea939032dcdce6aaea3c87f38dfad8da6f718182221,binary_income_Y,6,X_with_S and y only; no separate evaluation input is accepted,50000,2.5.2,3.12.14,1.6.1,2.13.0+cu130,[],c4b5fc228957036f746dac5a864a96f8bc8aae909d101603647dc07a1f760d1a,<LOCAL_DRIVE_D>/model_audit_data\experiments\acs-attribute-dp-20260921\run-v1\arms\epsilon-3-seed-20260921\privacy-contract.json,optimizer is non-DP; model inherits conditional attribute-DP solely through cached RR preprocessing,20260921,0.7873,0.44807962594763556,10000,0.8711867875629429,0.7883,0.44846246247977606,10000,0.8709812253293318,0.7881,0.4481880392062043,10000,0.8711127795582371,20261930,6,120,,,,,logloss,0.1,binary:logistic,hist,2.1.4,,,,,,,,,,,,,,,,,,,,,,,,,
epsilon-3-seed-20260921,0.79,0.4446762645199261,0.8733590025097115,D2_50,3.0,xgboost,173759,650c66654fd283280c608d3257f0730588f1540c1562a842b7acb99276eab085,364,1142ecb81d085caa18d5a8ae43d8c5a4ac2ccaf5b9ac6b6e6536971e46ccba25,cpu,,6,,,0.12656180001795292,"[24976,25024]","[14,3,25,6,7,10,25,20,10,100,2]",classical_income_classifier,xgboost,raw_category_codes_as_ordered_numeric,none; these are non-DP baseline models,1,Caller is responsible for disjoint evaluation rows; this function receives training arrays only.,20262939,"last input column S, explicitly supplied by caller",34cf77139a2aabbb63206ea939032dcdce6aaea3c87f38dfad8da6f718182221,binary_income_Y,6,X_with_S and y only; no separate evaluation input is accepted,50000,2.5.2,3.12.14,1.6.1,2.13.0+cu130,[],e62442677e03f4cc9dcc69dc8e1b40075c5b0be88876fad2b58c25e9b684e3b2,<LOCAL_DRIVE_D>/model_audit_data\experiments\acs-attribute-dp-20260921\run-v1\arms\epsilon-3-seed-20260921\privacy-contract.json,optimizer is non-DP; model inherits conditional attribute-DP solely through cached RR preprocessing,20260921,0.7908,0.4442017687685558,10000,0.873594267956022,0.7919,0.44386233594783436,10000,0.8738137516953834,0.791,0.44384051662056806,10000,0.8737880889196976,20262939,6,120,,,,,logloss,0.1,binary:logistic,hist,2.1.4,,,,,,,,,,,,,,,,,,,,,,,,,
epsilon-3-seed-20260921,0.791,0.4444228672489421,0.8735633446113532,D2_100,3.0,xgboost,170865,36ee20f8304c71d83bc0eca6415f1f76ccdc6a6ad93f6cb82235e6c2f4c39cd0,364,1142ecb81d085caa18d5a8ae43d8c5a4ac2ccaf5b9ac6b6e6536971e46ccba25,cpu,,6,,,0.15064330003224313,"[25056,24944]","[14,3,25,6,7,10,25,20,10,100,2]",classical_income_classifier,xgboost,raw_category_codes_as_ordered_numeric,none; these are non-DP baseline models,1,Caller is responsible for disjoint evaluation rows; this function receives training arrays only.,20263948,"last input column S, explicitly supplied by caller",34cf77139a2aabbb63206ea939032dcdce6aaea3c87f38dfad8da6f718182221,binary_income_Y,6,X_with_S and y only; no separate evaluation input is accepted,50000,2.5.2,3.12.14,1.6.1,2.13.0+cu130,[],c034df604956810e4f21b4ed6bc3f3a3bd36f243f6da6a1a721cb02f9bfcd855,<LOCAL_DRIVE_D>/model_audit_data\experiments\acs-attribute-dp-20260921\run-v1\arms\epsilon-3-seed-20260921\privacy-contract.json,optimizer is non-DP; model inherits conditional attribute-DP solely through cached RR preprocessing,20260921,0.7897,0.4446127271213265,10000,0.8733326596604689,0.7898,0.44501128003021206,10000,0.8730422882538976,0.7904,0.4441177345366852,10000,0.873621730926417,20263948,6,120,,,,,logloss,0.1,binary:logistic,hist,2.1.4,,,,,,,,,,,,,,,,,,,,,,,,,
epsilon-3-seed-20260921,0.7892,0.45464309237785216,0.8676198417620851,D1,3.0,logistic_regression,3078,69067dc4e7ee28a9fe4a31a810fbfa06f741e9120aa731138148dfcb874f65e5,351,e8afbf8267f033a48fbd646e821a0b017de471a3e6015be2bec1d4b8ef458ef6,cpu,,,,,0.14448620000621304,"[25056,24944]","[14,3,25,6,7,10,25,20,10,100,2]",classical_income_classifier,logistic_regression,fixed_vocabulary_one_hot,none; these are non-DP baseline models,1,Caller is responsible for disjoint evaluation rows; this function receives training arrays only.,20260921,"last input column S, explicitly supplied by caller",34cf77139a2aabbb63206ea939032dcdce6aaea3c87f38dfad8da6f718182221,binary_income_Y,6,X_with_S and y only; no separate evaluation input is accepted,50000,2.5.2,3.12.14,1.6.1,2.13.0+cu130,"[{""category"":""OptimizeWarning"",""message"":""Unknown solver options: iprint""}]",9a4e662b0704d4fc94b87f027c3bac173d75bfdf28a33c265cc675fc570545f4,<LOCAL_DRIVE_D>/model_audit_data\experiments\acs-attribute-dp-20260921\run-v1\arms\epsilon-3-seed-20260921\privacy-contract.json,optimizer is non-DP; model inherits conditional attribute-DP solely through cached RR preprocessing,20260921,0.7883,0.4547466582321122,10000,0.8675463938179555,0.7885,0.45498983326601355,10000,0.8673803958636165,0.789,0.4546384564766422,10000,0.8676123609529607,20260921,,,,,300,,,,,,,1.0,,,,,,,,,,,,,,,,,,,,,,,,
epsilon-3-seed-20260921,0.7891,0.454877538708178,0.867409859050355,D2_0,3.0,logistic_regression,3070,abc76e3e4d156ee54421e51f6f65fcf73d59066e34829dd7d309dd973559a848,351,e8afbf8267f033a48fbd646e821a0b017de471a3e6015be2bec1d4b8ef458ef6,cpu,,,,,0.14904139999998733,"[25089,24911]","[14,3,25,6,7,10,25,20,10,100,2]",classical_income_classifier,logistic_regression,fixed_vocabulary_one_hot,none; these are non-DP baseline models,1,Caller is responsible for disjoint evaluation rows; this function receives training arrays only.,20261930,"last input column S, explicitly supplied by caller",34cf77139a2aabbb63206ea939032dcdce6aaea3c87f38dfad8da6f718182221,binary_income_Y,6,X_with_S and y only; no separate evaluation input is accepted,50000,2.5.2,3.12.14,1.6.1,2.13.0+cu130,"[{""category"":""OptimizeWarning"",""message"":""Unknown solver options: iprint""}]",233ba8f326f6c922ca4854333e5161be4a21749d1efbd02d25a3110c2f988ae2,<LOCAL_DRIVE_D>/model_audit_data\experiments\acs-attribute-dp-20260921\run-v1\arms\epsilon-3-seed-20260921\privacy-contract.json,optimizer is non-DP; model inherits conditional attribute-DP solely through cached RR preprocessing,20260921,0.7892,0.45506694876858755,10000,0.8672575225736415,0.7889,0.4554017911048941,10000,0.8670758229210072,0.7891,0.45501190405541564,10000,0.8672949666235901,20261930,,,,,300,,,,,,,1.0,,,,,,,,,,,,,,,,,,,,,,,,
epsilon-3-seed-20260921,0.7884,0.45419655655869073,0.867938316208281,D2_50,3.0,logistic_regression,3070,2b060853faea4cbc44821dadb6356db072b19c03347a766792b9cb5339249dd6,351,e8afbf8267f033a48fbd646e821a0b017de471a3e6015be2bec1d4b8ef458ef6,cpu,,,,,0.1614574000122957,"[24976,25024]","[14,3,25,6,7,10,25,20,10,100,2]",classical_income_classifier,logistic_regression,fixed_vocabulary_one_hot,none; these are non-DP baseline models,1,Caller is responsible for disjoint evaluation rows; this function receives training arrays only.,20262939,"last input column S, explicitly supplied by caller",34cf77139a2aabbb63206ea939032dcdce6aaea3c87f38dfad8da6f718182221,binary_income_Y,6,X_with_S and y only; no separate evaluation input is accepted,50000,2.5.2,3.12.14,1.6.1,2.13.0+cu130,"[{""category"":""OptimizeWarning"",""message"":""Unknown solver options: iprint""}]",bcf65a8dce33ae57942c46b54f7fe73f04aee74d3411c983947f55a63b9b1216,<LOCAL_DRIVE_D>/model_audit_data\experiments\acs-attribute-dp-20260921\run-v1\arms\epsilon-3-seed-20260921\privacy-contract.json,optimizer is non-DP; model inherits conditional attribute-DP solely through cached RR preprocessing,20260921,0.789,0.45435193311193744,10000,0.8677779788661941,0.789,0.45443230778828775,10000,0.8677456753722483,0.7887,0.4542443950731724,10000,0.8678370252526514,20262939,,,,,300,,,,,,,1.0,,,,,,,,,,,,,,,,,,,,,,,,
epsilon-3-seed-20260921,0.7892,0.45464309237785216,0.8676198417620851,D2_100,3.0,logistic_regression,3077,9580e0694b370e5187c828ae5a2d6d37f3df01d167d91f32d95f5deae7edc1b5,351,e8afbf8267f033a48fbd646e821a0b017de471a3e6015be2bec1d4b8ef458ef6,cpu,,,,,0.14172450004843995,"[25056,24944]","[14,3,25,6,7,10,25,20,10,100,2]",classical_income_classifier,logistic_regression,fixed_vocabulary_one_hot,none; these are non-DP baseline models,1,Caller is responsible for disjoint evaluation rows; this function receives training arrays only.,20263948,"last input column S, explicitly supplied by caller",34cf77139a2aabbb63206ea939032dcdce6aaea3c87f38dfad8da6f718182221,binary_income_Y,6,X_with_S and y only; no separate evaluation input is accepted,50000,2.5.2,3.12.14,1.6.1,2.13.0+cu130,"[{""category"":""OptimizeWarning"",""message"":""Unknown solver options: iprint""}]",71c9ad056541b2d4617e4915dbe7fb5c62774695f4c199dd98ed2d2e875eab60,<LOCAL_DRIVE_D>/model_audit_data\experiments\acs-attribute-dp-20260921\run-v1\arms\epsilon-3-seed-20260921\privacy-contract.json,optimizer is non-DP; model inherits conditional attribute-DP solely through cached RR preprocessing,20260921,0.7883,0.4547466582321122,10000,0.8675463938179555,0.7883,0.4551579972124898,10000,0.867298146967576,0.789,0.4546384564766422,10000,0.8676123609529607,20263948,,,,,300,,,,,,,1.0,,,,,,,,,,,,,,,,,,,,,,,,
epsilon-3-seed-20260921,0.7493,1.1504411122654576,0.8051143811714675,D1,3.0,mlp,558907,d86e9ff4d6b373e795e003b538c9af0b8dd1c2034c172cd8bb9767bef57c0181,351,e8afbf8267f033a48fbd646e821a0b017de471a3e6015be2bec1d4b8ef458ef6,cpu,,,,,14.05668290000176,"[25056,24944]","[14,3,25,6,7,10,25,20,10,100,2]",classical_income_classifier,mlp,fixed_vocabulary_one_hot,none; these are non-DP baseline models,1,Caller is responsible for disjoint evaluation rows; this function receives training arrays only.,20260921,"last input column S, explicitly supplied by caller",34cf77139a2aabbb63206ea939032dcdce6aaea3c87f38dfad8da6f718182221,binary_income_Y,6,X_with_S and y only; no separate evaluation input is accepted,50000,2.5.2,3.12.14,1.6.1,2.13.0+cu130,"[{""category"":""ConvergenceWarning"",""message"":""Stochastic Optimizer: Maximum iterations (100) reached and the optimization hasn't converged yet.""}]",1d76e5a826df8334e195d2be05669642b66f23ee897d5a3db76a98411d9fdf73,<LOCAL_DRIVE_D>/model_audit_data\experiments\acs-attribute-dp-20260921\run-v1\arms\epsilon-3-seed-20260921\privacy-contract.json,optimizer is non-DP; model inherits conditional attribute-DP solely through cached RR preprocessing,20260921,0.7429,1.136618282605964,10000,0.8023068175053814,0.7442,1.1351535366802425,10000,0.8021712828459526,0.744,1.1324758180539576,10000,0.8028463758640135,20260921,,,,False,100,,,,,,,,512,"[128,64]",,,,,,,,,,,,,,,,,,,,,,
epsilon-3-seed-20260921,0.7397,1.0584794247574223,0.7979508663657061,D2_0,3.0,mlp,558451,a57bf6c17e9bab72542bd5400495faa7e2cc8a41e5ac0205f5695d3679061032,351,e8afbf8267f033a48fbd646e821a0b017de471a3e6015be2bec1d4b8ef458ef6,cpu,,,,,13.8587331000017,"[25089,24911]","[14,3,25,6,7,10,25,20,10,100,2]",classical_income_classifier,mlp,fixed_vocabulary_one_hot,none; these are non-DP baseline models,1,Caller is responsible for disjoint evaluation rows; this function receives training arrays only.,20261930,"last input column S, explicitly supplied by caller",34cf77139a2aabbb63206ea939032dcdce6aaea3c87f38dfad8da6f718182221,binary_income_Y,6,X_with_S and y only; no separate evaluation input is accepted,50000,2.5.2,3.12.14,1.6.1,2.13.0+cu130,"[{""category"":""ConvergenceWarning"",""message"":""Stochastic Optimizer: Maximum iterations (100) reached and the optimization hasn't converged yet.""}]",2daa67c8f4b138a2161ebceb0efdb6823d55a9a3fce95b4f3b81917255653db5,<LOCAL_DRIVE_D>/model_audit_data\experiments\acs-attribute-dp-20260921\run-v1\arms\epsilon-3-seed-20260921\privacy-contract.json,optimizer is non-DP; model inherits conditional attribute-DP solely through cached RR preprocessing,20260921,0.7463,1.0176795774768064,10000,0.805549108191542,0.7475,1.0133367634041612,10000,0.8059592525527561,0.7463,1.0143890180271313,10000,0.8057200266780855,20261930,,,,False,100,,,,,,,,512,"[128,64]",,,,,,,,,,,,,,,,,,,,,,
epsilon-3-seed-20260921,0.7393,1.1819146324686118,0.7920142642628227,D2_50,3.0,mlp,558535,b47a4c43a4d13cf6e11aaa867fdaa702e2c376c56e436dd794522b95b14aac48,351,e8afbf8267f033a48fbd646e821a0b017de471a3e6015be2bec1d4b8ef458ef6,cpu,,,,,15.340790299989749,"[24976,25024]","[14,3,25,6,7,10,25,20,10,100,2]",classical_income_classifier,mlp,fixed_vocabulary_one_hot,none; these are non-DP baseline models,1,Caller is responsible for disjoint evaluation rows; this function receives training arrays only.,20262939,"last input column S, explicitly supplied by caller",34cf77139a2aabbb63206ea939032dcdce6aaea3c87f38dfad8da6f718182221,binary_income_Y,6,X_with_S and y only; no separate evaluation input is accepted,50000,2.5.2,3.12.14,1.6.1,2.13.0+cu130,"[{""category"":""ConvergenceWarning"",""message"":""Stochastic Optimizer: Maximum iterations (100) reached and the optimization hasn't converged yet.""}]",e81b43a9d949577b9555e89714cc8aeb62d12da2143da87b2cdb21d37e2f8b19,<LOCAL_DRIVE_D>/model_audit_data\experiments\acs-attribute-dp-20260921\run-v1\arms\epsilon-3-seed-20260921\privacy-contract.json,optimizer is non-DP; model inherits conditional attribute-DP solely through cached RR preprocessing,20260921,0.7369,1.227710253201371,10000,0.7918593675091898,0.7377,1.2243098520477922,10000,0.7925765250769523,0.7364,1.2218256163936847,10000,0.7922820932312038,20262939,,,,False,100,,,,,,,,512,"[128,64]",,,,,,,,,,,,,,,,,,,,,,
epsilon-3-seed-20260921,0.7438,1.057494797514055,0.8056839827795774,D2_100,3.0,mlp,558730,1aa7be27c122fbfeee2c1605e904039f95f5aae88fd4a04496ed3bcf339828aa,351,e8afbf8267f033a48fbd646e821a0b017de471a3e6015be2bec1d4b8ef458ef6,cpu,,,,,15.180424899968784,"[25056,24944]","[14,3,25,6,7,10,25,20,10,100,2]",classical_income_classifier,mlp,fixed_vocabulary_one_hot,none; these are non-DP baseline models,1,Caller is responsible for disjoint evaluation rows; this function receives training arrays only.,20263948,"last input column S, explicitly supplied by caller",34cf77139a2aabbb63206ea939032dcdce6aaea3c87f38dfad8da6f718182221,binary_income_Y,6,X_with_S and y only; no separate evaluation input is accepted,50000,2.5.2,3.12.14,1.6.1,2.13.0+cu130,"[{""category"":""ConvergenceWarning"",""message"":""Stochastic Optimizer: Maximum iterations (100) reached and the optimization hasn't converged yet.""}]",701c594838b4dc202f6d330dd13e33a443cbfc50277795fb868905178b3c213a,<LOCAL_DRIVE_D>/model_audit_data\experiments\acs-attribute-dp-20260921\run-v1\arms\epsilon-3-seed-20260921\privacy-contract.json,optimizer is non-DP; model inherits conditional attribute-DP solely through cached RR preprocessing,20260921,0.7378,1.0865725670684412,10000,0.8032042145678476,0.7384,1.0871364105281127,10000,0.8034417402586264,0.7395,1.0812539779378632,10000,0.8043689805489361,20263948,,,,False,100,,,,,,,,512,"[128,64]",,,,,,,,,,,,,,,,,,,,,,
epsilon-3-seed-20260921,0.7898,0.4481652368072662,0.871711884357412,D1,3.0,slm_small,,,604,079484de113f220568266c360aa0d8f9f2d69d58f22c5b857d60fa937a86092c,cuda,,,,,6.385458300006576,"[25056,24944]","[14,3,25,6,7,10,25,20,10,100,2]",scratch_causal_record_language_model,slm_small,,none; these are non-DP baseline models,1,Caller is responsible for disjoint evaluation rows; this function receives training arrays only.,20260921,"last input column S, explicitly supplied by caller",34cf77139a2aabbb63206ea939032dcdce6aaea3c87f38dfad8da6f718182221,binary_income_Y,6,X_with_S and y only; no separate evaluation input is accepted,50000,2.5.2,3.12.14,1.6.1,2.13.0+cu130,[],c3213646a7e554d1b21d337d376b428f85563c2f244c0c30fbf4fff73d4cbc70,<LOCAL_DRIVE_D>/model_audit_data\experiments\acs-attribute-dp-20260921\run-v1\arms\epsilon-3-seed-20260921\privacy-contract.json,optimizer is non-DP; model inherits conditional attribute-DP solely through cached RR preprocessing,20260921,0.7882,0.4487993901305239,10000,0.8713231423110723,0.7881,0.4490713899574912,10000,0.8711771665223311,0.7883,0.4488371313015356,10000,0.8714074914342735,,,,,,,,,,,,,,,,bfloat16,5712040,e3d5b538b699b42e3a2bcfc77576d102ba8ae199a686d6dd21a7d6f2c5f41353,True,512,192,768,0.1,0.0003,6,3,1024,0.01,seeded training and minibatch shuffle; bitwise determinism across hardware/runtimes is not asserted,NVIDIA GeForce RTX 5080 Laptop GPU,"[2.0629611359405517,1.2002211581039428,1.149888081703186,1.1335706171035766,1.1248476008987427,1.119688108024597,1.1165102113723755,1.113920802001953]","[0.7933924000244588,0.7860982000129297,0.7886600999627262,0.7861512000090443,0.7744600000442006,0.7811824000091292,0.8131127000087872,0.8181731000076979]",8,"softmax restricted to Y=0 and Y=1 logits after [BOS, X_1,...,X_10,S]",1381248,"softmax restricted to S=0 and S=1 logits after [BOS,X_1,...,X_10]","autoregressive next-token cross-entropy over every next token, including covariates, S, Y, and EOS"
epsilon-3-seed-20260921,0.7887,0.4526808066766687,0.8713124411536353,D2_0,3.0,slm_small,,,604,079484de113f220568266c360aa0d8f9f2d69d58f22c5b857d60fa937a86092c,cuda,,,,,6.453743099991698,"[25089,24911]","[14,3,25,6,7,10,25,20,10,100,2]",scratch_causal_record_language_model,slm_small,,none; these are non-DP baseline models,1,Caller is responsible for disjoint evaluation rows; this function receives training arrays only.,20261930,"last input column S, explicitly supplied by caller",34cf77139a2aabbb63206ea939032dcdce6aaea3c87f38dfad8da6f718182221,binary_income_Y,6,X_with_S and y only; no separate evaluation input is accepted,50000,2.5.2,3.12.14,1.6.1,2.13.0+cu130,[],d06d61e848b8697eef8fdc2ff24c56b99faf9dbe457380d52e7bce6baa7fc336,<LOCAL_DRIVE_D>/model_audit_data\experiments\acs-attribute-dp-20260921\run-v1\arms\epsilon-3-seed-20260921\privacy-contract.json,optimizer is non-DP; model inherits conditional attribute-DP solely through cached RR preprocessing,20260921,0.786,0.4530421039652535,10000,0.8712356728503755,0.7866,0.4533115379005024,10000,0.8710546332691345,0.7866,0.4532149937424606,10000,0.8712584553145268,,,,,,,,,,,,,,,,bfloat16,5712040,eff3ecdc529ddc4acab6c53c8b037ac4b5e29ec655421bcbaf7d201298d7a470,True,512,192,768,0.1,0.0003,6,3,1024,0.01,seeded training and minibatch shuffle; bitwise determinism across hardware/runtimes is not asserted,NVIDIA GeForce RTX 5080 Laptop GPU,"[2.035845569343567,1.2028252948379516,1.1519242547607422,1.1352209494018555,1.1267343370437621,1.120866251220703,1.117907569732666,1.114598379096985]","[0.8146027000038885,0.7973679000278935,0.8026741999783553,0.8023725000093691,0.7999463999876752,0.7953365000430495,0.7973648000042886,0.8070807000040077]",8,"softmax restricted to Y=0 and Y=1 logits after [BOS, X_1,...,X_10,S]",1381248,"softmax restricted to S=0 and S=1 logits after [BOS,X_1,...,X_10]","autoregressive next-token cross-entropy over every next token, including covariates, S, Y, and EOS"
epsilon-3-seed-20260921,0.7842,0.4504539041645377,0.8719576509395257,D2_50,3.0,slm_small,,,604,079484de113f220568266c360aa0d8f9f2d69d58f22c5b857d60fa937a86092c,cuda,,,,,6.350919599994086,"[24976,25024]","[14,3,25,6,7,10,25,20,10,100,2]",scratch_causal_record_language_model,slm_small,,none; these are non-DP baseline models,1,Caller is responsible for disjoint evaluation rows; this function receives training arrays only.,20262939,"last input column S, explicitly supplied by caller",34cf77139a2aabbb63206ea939032dcdce6aaea3c87f38dfad8da6f718182221,binary_income_Y,6,X_with_S and y only; no separate evaluation input is accepted,50000,2.5.2,3.12.14,1.6.1,2.13.0+cu130,[],ab31f058b3a8f0ff705ef91f58c25177129d9df5265b0452f38512072e65986e,<LOCAL_DRIVE_D>/model_audit_data\experiments\acs-attribute-dp-20260921\run-v1\arms\epsilon-3-seed-20260921\privacy-contract.json,optimizer is non-DP; model inherits conditional attribute-DP solely through cached RR preprocessing,20260921,0.7856,0.45041363137948554,10000,0.8719249674044743,0.7852,0.45050895096299765,10000,0.8718604804295633,0.7851,0.450677531745469,10000,0.8719178466342921,,,,,,,,,,,,,,,,bfloat16,5712040,aca63a57441bbe8613bf6e40f3ba4a4c637c362616e704548c4c5598c003606d,True,512,192,768,0.1,0.0003,6,3,1024,0.01,seeded training and minibatch shuffle; bitwise determinism across hardware/runtimes is not asserted,NVIDIA GeForce RTX 5080 Laptop GPU,"[2.031456842956543,1.2000214865493775,1.1505707035827637,1.133973888168335,1.1252263991165161,1.1202709447860717,1.1169724991607666,1.1144223570632934]","[0.797290200018324,0.790749899984803,0.7945980999502353,0.7966495000291616,0.8053227000054903,0.7736748000024818,0.7857723000342958,0.7709485000232235]",8,"softmax restricted to Y=0 and Y=1 logits after [BOS, X_1,...,X_10,S]",1381248,"softmax restricted to S=0 and S=1 logits after [BOS,X_1,...,X_10]","autoregressive next-token cross-entropy over every next token, including covariates, S, Y, and EOS"
epsilon-3-seed-20260921,0.7898,0.4465624465586774,0.8726917503397167,D2_100,3.0,slm_small,,,604,079484de113f220568266c360aa0d8f9f2d69d58f22c5b857d60fa937a86092c,cuda,,,,,6.340860399999656,"[25056,24944]","[14,3,25,6,7,10,25,20,10,100,2]",scratch_causal_record_language_model,slm_small,,none; these are non-DP baseline models,1,Caller is responsible for disjoint evaluation rows; this function receives training arrays only.,20263948,"last input column S, explicitly supplied by caller",34cf77139a2aabbb63206ea939032dcdce6aaea3c87f38dfad8da6f718182221,binary_income_Y,6,X_with_S and y only; no separate evaluation input is accepted,50000,2.5.2,3.12.14,1.6.1,2.13.0+cu130,[],25288db1c5d423802299f7dfe42c3431ee889986e0eb0c9c95ddaa89efaaac7b,<LOCAL_DRIVE_D>/model_audit_data\experiments\acs-attribute-dp-20260921\run-v1\arms\epsilon-3-seed-20260921\privacy-contract.json,optimizer is non-DP; model inherits conditional attribute-DP solely through cached RR preprocessing,20260921,0.7898,0.4465182450499272,10000,0.8725124509466944,0.7889,0.4468358208009717,10000,0.8723033883344824,0.7899,0.4465688322913632,10000,0.8725370536077182,,,,,,,,,,,,,,,,bfloat16,5712040,7a4a1a402a06adbe248e214403a03bf42ff6d79de7a09df037c5d587169d5817,True,512,192,768,0.1,0.0003,6,3,1024,0.01,seeded training and minibatch shuffle; bitwise determinism across hardware/runtimes is not asserted,NVIDIA GeForce RTX 5080 Laptop GPU,"[2.065550161972046,1.2007973258972169,1.1503503047561645,1.1335772253036498,1.1244553952407836,1.1197296559524537,1.1162582626342774,1.113660541305542]","[0.7774593000067398,0.7745190000277944,0.7708887999760918,0.8050752999843098,0.8010696999845095,0.7955626000184566,0.8184265999589115,0.7611685000010766]",8,"softmax restricted to Y=0 and Y=1 logits after [BOS, X_1,...,X_10,S]",1381248,"softmax restricted to S=0 and S=1 logits after [BOS,X_1,...,X_10]","autoregressive next-token cross-entropy over every next token, including covariates, S, Y, and EOS"
epsilon-3-seed-20260921,0.7911,0.44669966340148803,0.8724645857695968,D1,3.0,slm_medium,,,604,079484de113f220568266c360aa0d8f9f2d69d58f22c5b857d60fa937a86092c,cuda,,,,,7.696127799979877,"[25056,24944]","[14,3,25,6,7,10,25,20,10,100,2]",scratch_causal_record_language_model,slm_medium,,none; these are non-DP baseline models,1,Caller is responsible for disjoint evaluation rows; this function receives training arrays only.,20260921,"last input column S, explicitly supplied by caller",34cf77139a2aabbb63206ea939032dcdce6aaea3c87f38dfad8da6f718182221,binary_income_Y,6,X_with_S and y only; no separate evaluation input is accepted,50000,2.5.2,3.12.14,1.6.1,2.13.0+cu130,[],29f6c3bef907db69e8f6f56d63af968881b0819c7a8ff8066abc417367210937,<LOCAL_DRIVE_D>/model_audit_data\experiments\acs-attribute-dp-20260921\run-v1\arms\epsilon-3-seed-20260921\privacy-contract.json,optimizer is non-DP; model inherits conditional attribute-DP solely through cached RR preprocessing,20260921,0.7901,0.4471354359602965,10000,0.8721832553408977,0.7888,0.4473801460175784,10000,0.8720142570620438,0.7894,0.4470193748552234,10000,0.8723051885291914,,,,,,,,,,,,,,,,bfloat16,13133892,a16fac9d5e77bb3566bf65a7960d10289a09c3cae1e33f6a03c27372939a418b,True,512,256,1024,0.1,0.0003,8,4,1024,0.01,seeded training and minibatch shuffle; bitwise determinism across hardware/runtimes is not asserted,NVIDIA GeForce RTX 5080 Laptop GPU,"[1.713069289779663,1.1631822472763063,1.133353476409912,1.1231235631561278,1.1171642042541503,1.113730334777832,1.111184081993103,1.1091991827774048]","[0.9484086000011303,0.9449242000118829,0.9384188000112772,0.9687970000086352,0.9858811000012793,0.948882800003048,0.948647000011988,0.9579248999943957]",8,"softmax restricted to Y=0 and Y=1 logits after [BOS, X_1,...,X_10,S]",3221248,"softmax restricted to S=0 and S=1 logits after [BOS,X_1,...,X_10]","autoregressive next-token cross-entropy over every next token, including covariates, S, Y, and EOS"
epsilon-3-seed-20260921,0.7866,0.4514167627117309,0.8709307198666608,D2_0,3.0,slm_medium,,,604,079484de113f220568266c360aa0d8f9f2d69d58f22c5b857d60fa937a86092c,cuda,,,,,8.002862499968614,"[25089,24911]","[14,3,25,6,7,10,25,20,10,100,2]",scratch_causal_record_language_model,slm_medium,,none; these are non-DP baseline models,1,Caller is responsible for disjoint evaluation rows; this function receives training arrays only.,20261930,"last input column S, explicitly supplied by caller",34cf77139a2aabbb63206ea939032dcdce6aaea3c87f38dfad8da6f718182221,binary_income_Y,6,X_with_S and y only; no separate evaluation input is accepted,50000,2.5.2,3.12.14,1.6.1,2.13.0+cu130,[],4cec8b862ca91cc538a7d9b63f02f117bcf0a5ca4a63be5dec125e15fe96f258,<LOCAL_DRIVE_D>/model_audit_data\experiments\acs-attribute-dp-20260921\run-v1\arms\epsilon-3-seed-20260921\privacy-contract.json,optimizer is non-DP; model inherits conditional attribute-DP solely through cached RR preprocessing,20260921,0.7856,0.45175963352732723,10000,0.8708663729068936,0.7863,0.4519866706761341,10000,0.8707250776243958,0.7861,0.4518521248746718,10000,0.8709155582267778,,,,,,,,,,,,,,,,bfloat16,13133892,bb5d05bab9e574cf85ad5e5c4a8c0b4d59ef922c503ec321f8f1d8084ba2d81d,True,512,256,1024,0.1,0.0003,8,4,1024,0.01,seeded training and minibatch shuffle; bitwise determinism across hardware/runtimes is not asserted,NVIDIA GeForce RTX 5080 Laptop GPU,"[1.7298250896453857,1.1651577911376954,1.1350850036239624,1.1239977787399291,1.119276842842102,1.1147246040344239,1.11303657913208,1.1104360292053224]","[1.0216902999673039,1.0268528999877162,0.9984632999985479,0.9809302000212483,0.9865957000292838,0.9568979000323452,0.9937029000138864,0.986839700024575]",8,"softmax restricted to Y=0 and Y=1 logits after [BOS, X_1,...,X_10,S]",3221248,"softmax restricted to S=0 and S=1 logits after [BOS,X_1,...,X_10]","autoregressive next-token cross-entropy over every next token, including covariates, S, Y, and EOS"
epsilon-3-seed-20260921,0.7876,0.4477714425990288,0.8731522001419674,D2_50,3.0,slm_medium,,,604,079484de113f220568266c360aa0d8f9f2d69d58f22c5b857d60fa937a86092c,cuda,,,,,8.04169169999659,"[24976,25024]","[14,3,25,6,7,10,25,20,10,100,2]",scratch_causal_record_language_model,slm_medium,,none; these are non-DP baseline models,1,Caller is responsible for disjoint evaluation rows; this function receives training arrays only.,20262939,"last input column S, explicitly supplied by caller",34cf77139a2aabbb63206ea939032dcdce6aaea3c87f38dfad8da6f718182221,binary_income_Y,6,X_with_S and y only; no separate evaluation input is accepted,50000,2.5.2,3.12.14,1.6.1,2.13.0+cu130,[],0230b28a14ac008c00ade6f93ab32999ea5046565e3f2b266eacfa78ea388724,<LOCAL_DRIVE_D>/model_audit_data\experiments\acs-attribute-dp-20260921\run-v1\arms\epsilon-3-seed-20260921\privacy-contract.json,optimizer is non-DP; model inherits conditional attribute-DP solely through cached RR preprocessing,20260921,0.7881,0.44868442462469227,10000,0.8729650999052058,0.7877,0.44868404763499814,10000,0.8729600593600204,0.7875,0.4490355227858218,10000,0.8729014330189954,,,,,,,,,,,,,,,,bfloat16,13133892,dea361f6d7444034ac6c3165f5ed4d341e3ea5f1c2c465c373f64c775afa9258,True,512,256,1024,0.1,0.0003,8,4,1024,0.01,seeded training and minibatch shuffle; bitwise determinism across hardware/runtimes is not asserted,NVIDIA GeForce RTX 5080 Laptop GPU,"[1.7235145565032959,1.1630760935592652,1.1338186772918701,1.1236707098770142,1.1181429599761963,1.1145042496871949,1.1124180001068116,1.110170227622986]","[1.1139427999733016,0.9664798999438062,0.9698422999936156,0.9693868999602273,0.9887064999784343,0.9927303000004031,0.9941161000169814,0.9920848000328988]",8,"softmax restricted to Y=0 and Y=1 logits after [BOS, X_1,...,X_10,S]",3221248,"softmax restricted to S=0 and S=1 logits after [BOS,X_1,...,X_10]","autoregressive next-token cross-entropy over every next token, including covariates, S, Y, and EOS"
epsilon-3-seed-20260921,0.7879,0.44572363948680815,0.8732660924605605,D2_100,3.0,slm_medium,,,604,079484de113f220568266c360aa0d8f9f2d69d58f22c5b857d60fa937a86092c,cuda,,,,,8.210571500007063,"[25056,24944]","[14,3,25,6,7,10,25,20,10,100,2]",scratch_causal_record_language_model,slm_medium,,none; these are non-DP baseline models,1,Caller is responsible for disjoint evaluation rows; this function receives training arrays only.,20263948,"last input column S, explicitly supplied by caller",34cf77139a2aabbb63206ea939032dcdce6aaea3c87f38dfad8da6f718182221,binary_income_Y,6,X_with_S and y only; no separate evaluation input is accepted,50000,2.5.2,3.12.14,1.6.1,2.13.0+cu130,[],8e56ac0b7d233d2a993e5f6a44714233f34e45eae5f17b1da33275f86cbc1f59,<LOCAL_DRIVE_D>/model_audit_data\experiments\acs-attribute-dp-20260921\run-v1\arms\epsilon-3-seed-20260921\privacy-contract.json,optimizer is non-DP; model inherits conditional attribute-DP solely through cached RR preprocessing,20260921,0.7886,0.4457732332264869,10000,0.8731744825520329,0.7883,0.4461408011952405,10000,0.8729405772528357,0.7885,0.445889597786789,10000,0.8731843836229326,,,,,,,,,,,,,,,,bfloat16,13133892,d1da205d05fafc9ebc7cd638ceb6206ac72bc48acc4e4d2e10c04e7ff8e827f5,True,512,256,1024,0.1,0.0003,8,4,1024,0.01,seeded training and minibatch shuffle; bitwise determinism across hardware/runtimes is not asserted,NVIDIA GeForce RTX 5080 Laptop GPU,"[1.717261792411804,1.1629540842819215,1.1336670030975342,1.123156110610962,1.1171281819152832,1.1137333893203736,1.1113905960845947,1.109392873802185]","[1.1268309999722987,0.9542496999492869,1.0103865999844857,1.0135735999792814,0.981039599981159,1.031251100008376,1.0121585999731906,1.0259796000318602]",8,"softmax restricted to Y=0 and Y=1 logits after [BOS, X_1,...,X_10,S]",3221248,"softmax restricted to S=0 and S=1 logits after [BOS,X_1,...,X_10]","autoregressive next-token cross-entropy over every next token, including covariates, S, Y, and EOS"
epsilon-3-seed-20260922,0.7467,2.797732185281429,0.8052751385589867,D1,3.0,knn,1117377,759d76a47f0a70b77a26081219c7af1b5dd58efb678247ef7130814db62c1719,370,ad82b74b98e88d047fecb99c227ad2d653888df937f57967dbac8dfc5189b66e,cpu,kd_tree,6,5,distance,0.16356079996330664,"[25056,24944]","[14,3,25,6,7,10,25,20,10,100,2]",classical_income_classifier,knn,fixed_range_scaled_category_codes_euclidean,none; these are non-DP baseline models,1,Caller is responsible for disjoint evaluation rows; this function receives training arrays only.,20260922,"last input column S, explicitly supplied by caller",34cf77139a2aabbb63206ea939032dcdce6aaea3c87f38dfad8da6f718182221,binary_income_Y,6,X_with_S and y only; no separate evaluation input is accepted,50000,2.5.2,3.12.14,1.6.1,2.13.0+cu130,[],fe4b88c1b17193ef3b460ee385272e12b8ff56a732e76e6a74622d82eca298a0,<LOCAL_DRIVE_D>/model_audit_data\experiments\acs-attribute-dp-20260921\run-v1\arms\epsilon-3-seed-20260922\privacy-contract.json,optimizer is non-DP; model inherits conditional attribute-DP solely through cached RR preprocessing,20260922,0.7481,2.7397165758127597,10000,0.8060921069222846,0.7465,2.7227889913176964,10000,0.806028059994969,0.7473,2.7558242039750933,10000,0.8064957105760558,,,,,,,,,,,,,,,,,,,,,,,,,,,,,,,,,,,,,
epsilon-3-seed-20260922,0.7383,2.7487350387057092,0.7986047370883633,D2_0,3.0,knn,1117795,78e66d5b0ab5313598c6c36262923255ed4db07d1afba7d480ea9e2414323c40,370,ad82b74b98e88d047fecb99c227ad2d653888df937f57967dbac8dfc5189b66e,cpu,kd_tree,6,5,distance,0.16433570004301146,"[25089,24911]","[14,3,25,6,7,10,25,20,10,100,2]",classical_income_classifier,knn,fixed_range_scaled_category_codes_euclidean,none; these are non-DP baseline models,1,Caller is responsible for disjoint evaluation rows; this function receives training arrays only.,20261931,"last input column S, explicitly supplied by caller",34cf77139a2aabbb63206ea939032dcdce6aaea3c87f38dfad8da6f718182221,binary_income_Y,6,X_with_S and y only; no separate evaluation input is accepted,50000,2.5.2,3.12.14,1.6.1,2.13.0+cu130,[],1bca63f9d7a06a43f77120717ca7b5b586597ca37989165f3b920596c7169828,<LOCAL_DRIVE_D>/model_audit_data\experiments\acs-attribute-dp-20260921\run-v1\arms\epsilon-3-seed-20260922\privacy-contract.json,optimizer is non-DP; model inherits conditional attribute-DP solely through cached RR preprocessing,20260922,0.7418,2.7317890894214223,10000,0.7984680022991286,0.7398,2.6804323201234728,10000,0.7992024417360982,0.7417,2.7234338864537118,10000,0.7997126169166457,,,,,,,,,,,,,,,,,,,,,,,,,,,,,,,,,,,,,
epsilon-3-seed-20260922,0.7411,2.8712164564517746,0.8016499264560455,D2_50,3.0,knn,1117985,f749810582b169e7f50dfd7efc5916f0d02abd812098e1610531e6323028023d,370,ad82b74b98e88d047fecb99c227ad2d653888df937f57967dbac8dfc5189b66e,cpu,kd_tree,6,5,distance,0.16198969999095425,"[24976,25024]","[14,3,25,6,7,10,25,20,10,100,2]",classical_income_classifier,knn,fixed_range_scaled_category_codes_euclidean,none; these are non-DP baseline models,1,Caller is responsible for disjoint evaluation rows; this function receives training arrays only.,20262940,"last input column S, explicitly supplied by caller",34cf77139a2aabbb63206ea939032dcdce6aaea3c87f38dfad8da6f718182221,binary_income_Y,6,X_with_S and y only; no separate evaluation input is accepted,50000,2.5.2,3.12.14,1.6.1,2.13.0+cu130,[],6e95ec3fbfe64019f2b6674f4b23a89b3f9f1b4aa521740060bf13d53b6b9fa3,<LOCAL_DRIVE_D>/model_audit_data\experiments\acs-attribute-dp-20260921\run-v1\arms\epsilon-3-seed-20260922\privacy-contract.json,optimizer is non-DP; model inherits conditional attribute-DP solely through cached RR preprocessing,20260922,0.7446,2.8174217500507766,10000,0.8017599183527692,0.7438,2.845474792644905,10000,0.8012901675445215,0.7454,2.8264859591235423,10000,0.8025891280400889,,,,,,,,,,,,,,,,,,,,,,,,,,,,,,,,,,,,,
epsilon-3-seed-20260922,0.7467,2.797732185281429,0.8052751385589867,D2_100,3.0,knn,1117377,759d76a47f0a70b77a26081219c7af1b5dd58efb678247ef7130814db62c1719,370,ad82b74b98e88d047fecb99c227ad2d653888df937f57967dbac8dfc5189b66e,cpu,kd_tree,6,5,distance,0.15860660001635551,"[25056,24944]","[14,3,25,6,7,10,25,20,10,100,2]",classical_income_classifier,knn,fixed_range_scaled_category_codes_euclidean,none; these are non-DP baseline models,1,Caller is responsible for disjoint evaluation rows; this function receives training arrays only.,20263949,"last input column S, explicitly supplied by caller",34cf77139a2aabbb63206ea939032dcdce6aaea3c87f38dfad8da6f718182221,binary_income_Y,6,X_with_S and y only; no separate evaluation input is accepted,50000,2.5.2,3.12.14,1.6.1,2.13.0+cu130,[],d8e999b6df02f93e82e50c27e925a58fe504be98f60e3b818108eff7efd7f5c0,<LOCAL_DRIVE_D>/model_audit_data\experiments\acs-attribute-dp-20260921\run-v1\arms\epsilon-3-seed-20260922\privacy-contract.json,optimizer is non-DP; model inherits conditional attribute-DP solely through cached RR preprocessing,20260922,0.7481,2.7397165758127597,10000,0.8060921069222846,0.7462,2.699050648570608,10000,0.8064194223247187,0.7473,2.7558242039750933,10000,0.8064957105760558,,,,,,,,,,,,,,,,,,,,,,,,,,,,,,,,,,,,,
epsilon-3-seed-20260922,0.7198,8.218888834128736,0.7282601886220014,D1,3.0,decision_tree,277858,b41044beb4df67ae2e7203668cc3aaf135e506bbcd9819735011d2604f692cf1,364,1142ecb81d085caa18d5a8ae43d8c5a4ac2ccaf5b9ac6b6e6536971e46ccba25,cpu,,,,,0.1174858000013046,"[25056,24944]","[14,3,25,6,7,10,25,20,10,100,2]",classical_income_classifier,decision_tree,raw_category_codes_as_ordered_numeric,none; these are non-DP baseline models,1,Caller is responsible for disjoint evaluation rows; this function receives training arrays only.,20260922,"last input column S, explicitly supplied by caller",34cf77139a2aabbb63206ea939032dcdce6aaea3c87f38dfad8da6f718182221,binary_income_Y,6,X_with_S and y only; no separate evaluation input is accepted,50000,2.5.2,3.12.14,1.6.1,2.13.0+cu130,[],b53b68082dbf231e2b383e819345a556c0873cafb606796365146b71f712e5d6,<LOCAL_DRIVE_D>/model_audit_data\experiments\acs-attribute-dp-20260921\run-v1\arms\epsilon-3-seed-20260922\privacy-contract.json,optimizer is non-DP; model inherits conditional attribute-DP solely through cached RR preprocessing,20260922,0.7179,8.28366527392091,10000,0.7262659529254684,0.7176,8.29465855734265,10000,0.7258382666669227,0.7177,8.287097003560511,10000,0.7260713318752556,20260922,,,,,,,,,,,,,,,,,,,,,,,,,,,,,,,,,,,,
epsilon-3-seed-20260922,0.7173,8.249450078250748,0.7263990473209583,D2_0,3.0,decision_tree,275629,48b8389f7c674d17c189db9c4040e68b3bd41b1734f8ecb84b9e845571b62939,364,1142ecb81d085caa18d5a8ae43d8c5a4ac2ccaf5b9ac6b6e6536971e46ccba25,cpu,,,,,0.11756780004361644,"[25089,24911]","[14,3,25,6,7,10,25,20,10,100,2]",classical_income_classifier,decision_tree,raw_category_codes_as_ordered_numeric,none; these are non-DP baseline models,1,Caller is responsible for disjoint evaluation rows; this function receives training arrays only.,20261931,"last input column S, explicitly supplied by caller",34cf77139a2aabbb63206ea939032dcdce6aaea3c87f38dfad8da6f718182221,binary_income_Y,6,X_with_S and y only; no separate evaluation input is accepted,50000,2.5.2,3.12.14,1.6.1,2.13.0+cu130,[],81c545d0bd4c7d64420c633a9856285ecddefcf20973a8b5961cdd9bceadad5e,<LOCAL_DRIVE_D>/model_audit_data\experiments\acs-attribute-dp-20260921\run-v1\arms\epsilon-3-seed-20260922\privacy-contract.json,optimizer is non-DP; model inherits conditional attribute-DP solely through cached RR preprocessing,20260922,0.7171,8.320082648455653,10000,0.7247972340688368,0.718,8.287311729688945,10000,0.7259267562379548,0.7185,8.269725693121542,10000,0.726271693546374,20261931,,,,,,,,,,,,,,,,,,,,,,,,,,,,,,,,,,,,
epsilon-3-seed-20260922,0.7207,8.214211081295545,0.7272959243271752,D2_50,3.0,decision_tree,272974,4f7f45b5a7d37243f474f4e6c6a4d5130b03f51c1cba32aee2da9ad4e6fa6b76,364,1142ecb81d085caa18d5a8ae43d8c5a4ac2ccaf5b9ac6b6e6536971e46ccba25,cpu,,,,,0.11424079997232184,"[24976,25024]","[14,3,25,6,7,10,25,20,10,100,2]",classical_income_classifier,decision_tree,raw_category_codes_as_ordered_numeric,none; these are non-DP baseline models,1,Caller is responsible for disjoint evaluation rows; this function receives training arrays only.,20262940,"last input column S, explicitly supplied by caller",34cf77139a2aabbb63206ea939032dcdce6aaea3c87f38dfad8da6f718182221,binary_income_Y,6,X_with_S and y only; no separate evaluation input is accepted,50000,2.5.2,3.12.14,1.6.1,2.13.0+cu130,[],748c984ba1a2e94223d1d463ce2b1fb3880435f3b9a2235bd8d97906b879e5b1,<LOCAL_DRIVE_D>/model_audit_data\experiments\acs-attribute-dp-20260921\run-v1\arms\epsilon-3-seed-20260922\privacy-contract.json,optimizer is non-DP; model inherits conditional attribute-DP solely through cached RR preprocessing,20260922,0.7177,8.322261496572851,10000,0.7239743850694891,0.7174,8.343737927868023,10000,0.7232621680360948,0.7179,8.325722593724645,10000,0.7238311295749749,20262940,,,,,,,,,,,,,,,,,,,,,,,,,,,,,,,,,,,,
epsilon-3-seed-20260922,0.7212,8.164669813782236,0.7300173586775146,D2_100,3.0,decision_tree,278370,f2ed6a3fe825b58fdda078e5c679d3d5567b19d1a22d1df8987fca8c715cdf48,364,1142ecb81d085caa18d5a8ae43d8c5a4ac2ccaf5b9ac6b6e6536971e46ccba25,cpu,,,,,0.1157851000316441,"[25056,24944]","[14,3,25,6,7,10,25,20,10,100,2]",classical_income_classifier,decision_tree,raw_category_codes_as_ordered_numeric,none; these are non-DP baseline models,1,Caller is responsible for disjoint evaluation rows; this function receives training arrays only.,20263949,"last input column S, explicitly supplied by caller",34cf77139a2aabbb63206ea939032dcdce6aaea3c87f38dfad8da6f718182221,binary_income_Y,6,X_with_S and y only; no separate evaluation input is accepted,50000,2.5.2,3.12.14,1.6.1,2.13.0+cu130,[],cc878ba035ef0a269221293ff0c45e0605f1a10cb2cf9af4df88302a75030a03,<LOCAL_DRIVE_D>/model_audit_data\experiments\acs-attribute-dp-20260921\run-v1\arms\epsilon-3-seed-20260922\privacy-contract.json,optimizer is non-DP; model inherits conditional attribute-DP solely through cached RR preprocessing,20260922,0.7155,8.380799083108185,10000,0.7231093115031323,0.7148,8.37700823389743,10000,0.7231514360593242,0.7149,8.39515376999339,10000,0.7225161873508239,20263949,,,,,,,,,,,,,,,,,,,,,,,,,,,,,,,,,,,,
epsilon-3-seed-20260922,0.778,0.47356738047154884,0.8597006052174603,D1,3.0,random_forest,18350117,0046b17d23775819a3149bcda2a60019cd837a229419832a1cd827b3d59551ad,364,1142ecb81d085caa18d5a8ae43d8c5a4ac2ccaf5b9ac6b6e6536971e46ccba25,cpu,,6,,,1.16780930000823,"[25056,24944]","[14,3,25,6,7,10,25,20,10,100,2]",classical_income_classifier,random_forest,raw_category_codes_as_ordered_numeric,none; these are non-DP baseline models,1,Caller is responsible for disjoint evaluation rows; this function receives training arrays only.,20260922,"last input column S, explicitly supplied by caller",34cf77139a2aabbb63206ea939032dcdce6aaea3c87f38dfad8da6f718182221,binary_income_Y,6,X_with_S and y only; no separate evaluation input is accepted,50000,2.5.2,3.12.14,1.6.1,2.13.0+cu130,[],32873b63e5ae3bf7ee75c72a6055122fe0e155ee17cf9319c94c82eca16dfff0,<LOCAL_DRIVE_D>/model_audit_data\experiments\acs-attribute-dp-20260921\run-v1\arms\epsilon-3-seed-20260922\privacy-contract.json,optimizer is non-DP; model inherits conditional attribute-DP solely through cached RR preprocessing,20260922,0.7774,0.479119808902162,10000,0.8582489482062381,0.7774,0.4796132654303823,10000,0.857667865356317,0.7774,0.4795872526728726,10000,0.857996020849615,20260922,18,100,,,,,,,,,,,,,,,,,,,,,,,,,,,,,,,,,,
epsilon-3-seed-20260922,0.7783,0.47142837293663925,0.8583459987032198,D2_0,3.0,random_forest,18133445,1df731d2bbd5b1b5a703ca062db446ecc153a5a7b296f46733d8594e146a4d25,364,1142ecb81d085caa18d5a8ae43d8c5a4ac2ccaf5b9ac6b6e6536971e46ccba25,cpu,,6,,,1.1196534999762662,"[25089,24911]","[14,3,25,6,7,10,25,20,10,100,2]",classical_income_classifier,random_forest,raw_category_codes_as_ordered_numeric,none; these are non-DP baseline models,1,Caller is responsible for disjoint evaluation rows; this function receives training arrays only.,20261931,"last input column S, explicitly supplied by caller",34cf77139a2aabbb63206ea939032dcdce6aaea3c87f38dfad8da6f718182221,binary_income_Y,6,X_with_S and y only; no separate evaluation input is accepted,50000,2.5.2,3.12.14,1.6.1,2.13.0+cu130,[],08ed2fb15fef0e6358ed5612283eeaa1882a8911b7eea2c7f87273db03325321,<LOCAL_DRIVE_D>/model_audit_data\experiments\acs-attribute-dp-20260921\run-v1\arms\epsilon-3-seed-20260922\privacy-contract.json,optimizer is non-DP; model inherits conditional attribute-DP solely through cached RR preprocessing,20260922,0.7744,0.4735218492534892,10000,0.8565095000675272,0.7761,0.4731824924535789,10000,0.8569315057116578,0.776,0.4727673829702786,10000,0.8570987838044563,20261931,18,100,,,,,,,,,,,,,,,,,,,,,,,,,,,,,,,,,,
epsilon-3-seed-20260922,0.7757,0.47311253858563324,0.856963869212094,D2_50,3.0,random_forest,18020875,ab3bd358d378114c519ba857b351ff51a0aae2b731557e0181428826be11b39b,364,1142ecb81d085caa18d5a8ae43d8c5a4ac2ccaf5b9ac6b6e6536971e46ccba25,cpu,,6,,,1.1082014000276104,"[24976,25024]","[14,3,25,6,7,10,25,20,10,100,2]",classical_income_classifier,random_forest,raw_category_codes_as_ordered_numeric,none; these are non-DP baseline models,1,Caller is responsible for disjoint evaluation rows; this function receives training arrays only.,20262940,"last input column S, explicitly supplied by caller",34cf77139a2aabbb63206ea939032dcdce6aaea3c87f38dfad8da6f718182221,binary_income_Y,6,X_with_S and y only; no separate evaluation input is accepted,50000,2.5.2,3.12.14,1.6.1,2.13.0+cu130,[],cb858435663492d5a0bc80f44a1384917b7647a03bf5f7e938b94e0b63e76fdf,<LOCAL_DRIVE_D>/model_audit_data\experiments\acs-attribute-dp-20260921\run-v1\arms\epsilon-3-seed-20260922\privacy-contract.json,optimizer is non-DP; model inherits conditional attribute-DP solely through cached RR preprocessing,20260922,0.7737,0.47394304414058597,10000,0.8567178225996924,0.7739,0.4737221887696624,10000,0.856851277034124,0.7747,0.4727153125904061,10000,0.8575340508829435,20262940,18,100,,,,,,,,,,,,,,,,,,,,,,,,,,,,,,,,,,
epsilon-3-seed-20260922,0.7746,0.47545888977736184,0.858744581813969,D2_100,3.0,random_forest,18263412,96b48b2efcd8a5fdbc59117badb575c81324970781365da82ee86c030da47a97,364,1142ecb81d085caa18d5a8ae43d8c5a4ac2ccaf5b9ac6b6e6536971e46ccba25,cpu,,6,,,1.1316812000004575,"[25056,24944]","[14,3,25,6,7,10,25,20,10,100,2]",classical_income_classifier,random_forest,raw_category_codes_as_ordered_numeric,none; these are non-DP baseline models,1,Caller is responsible for disjoint evaluation rows; this function receives training arrays only.,20263949,"last input column S, explicitly supplied by caller",34cf77139a2aabbb63206ea939032dcdce6aaea3c87f38dfad8da6f718182221,binary_income_Y,6,X_with_S and y only; no separate evaluation input is accepted,50000,2.5.2,3.12.14,1.6.1,2.13.0+cu130,[],48d1b314c859cd193ce5e5c2091b7d609b8827e460698bd090ca3dd436a8e4bf,<LOCAL_DRIVE_D>/model_audit_data\experiments\acs-attribute-dp-20260921\run-v1\arms\epsilon-3-seed-20260922\privacy-contract.json,optimizer is non-DP; model inherits conditional attribute-DP solely through cached RR preprocessing,20260922,0.7766,0.4819979412801135,10000,0.8587099580690648,0.7773,0.4819267300876674,10000,0.8585954256812418,0.7768,0.4818558646229636,10000,0.8587752651326768,20263949,18,100,,,,,,,,,,,,,,,,,,,,,,,,,,,,,,,,,,
epsilon-3-seed-20260922,0.7739,0.46628481707639985,0.8598649629943974,D1,3.0,extra_trees,22428746,f1dc653334f56103fdb243860bf277799e089ef8a1928471512fe4ea73bed2bf,364,1142ecb81d085caa18d5a8ae43d8c5a4ac2ccaf5b9ac6b6e6536971e46ccba25,cpu,,6,,,1.070820199965965,"[25056,24944]","[14,3,25,6,7,10,25,20,10,100,2]",classical_income_classifier,extra_trees,raw_category_codes_as_ordered_numeric,none; these are non-DP baseline models,1,Caller is responsible for disjoint evaluation rows; this function receives training arrays only.,20260922,"last input column S, explicitly supplied by caller",34cf77139a2aabbb63206ea939032dcdce6aaea3c87f38dfad8da6f718182221,binary_income_Y,6,X_with_S and y only; no separate evaluation input is accepted,50000,2.5.2,3.12.14,1.6.1,2.13.0+cu130,[],680cb2282f49222a67e9c116447866eae0e1ab0612ee3bc6fb8be5025349b227,<LOCAL_DRIVE_D>/model_audit_data\experiments\acs-attribute-dp-20260921\run-v1\arms\epsilon-3-seed-20260922\privacy-contract.json,optimizer is non-DP; model inherits conditional attribute-DP solely through cached RR preprocessing,20260922,0.7758,0.46809169310015075,10000,0.8590587957993537,0.7748,0.4686630367759861,10000,0.8585248780508099,0.7756,0.46729134752578155,10000,0.8595024237821564,20260922,18,100,,,,,,,,,,,,,,,,,,,,,,,,,,,,,,,,,,
epsilon-3-seed-20260922,0.7792,0.4685638022687628,0.8592946813127308,D2_0,3.0,extra_trees,22185658,8178531d802bbbc1bc0e184f94237e8951ec3e1395ec028432aac93a2aba5fe7,364,1142ecb81d085caa18d5a8ae43d8c5a4ac2ccaf5b9ac6b6e6536971e46ccba25,cpu,,6,,,1.0430711000226438,"[25089,24911]","[14,3,25,6,7,10,25,20,10,100,2]",classical_income_classifier,extra_trees,raw_category_codes_as_ordered_numeric,none; these are non-DP baseline models,1,Caller is responsible for disjoint evaluation rows; this function receives training arrays only.,20261931,"last input column S, explicitly supplied by caller",34cf77139a2aabbb63206ea939032dcdce6aaea3c87f38dfad8da6f718182221,binary_income_Y,6,X_with_S and y only; no separate evaluation input is accepted,50000,2.5.2,3.12.14,1.6.1,2.13.0+cu130,[],c1ad358f8ce0d5580889426dc24d1c45909303b297242c72cfaadf8e20f2bcf3,<LOCAL_DRIVE_D>/model_audit_data\experiments\acs-attribute-dp-20260921\run-v1\arms\epsilon-3-seed-20260922\privacy-contract.json,optimizer is non-DP; model inherits conditional attribute-DP solely through cached RR preprocessing,20260922,0.7791,0.46947976344916953,10000,0.8580852705028577,0.7795,0.4686064897929092,10000,0.8587598234625057,0.7798,0.4684316338003283,10000,0.8589443834245111,20261931,18,100,,,,,,,,,,,,,,,,,,,,,,,,,,,,,,,,,,
epsilon-3-seed-20260922,0.7777,0.46781427130013414,0.8593680292460433,D2_50,3.0,extra_trees,21888920,781786113b145371a1862c6159b050346b07178e7a5e41ba07a664d6035d09c1,364,1142ecb81d085caa18d5a8ae43d8c5a4ac2ccaf5b9ac6b6e6536971e46ccba25,cpu,,6,,,1.0332671999931335,"[24976,25024]","[14,3,25,6,7,10,25,20,10,100,2]",classical_income_classifier,extra_trees,raw_category_codes_as_ordered_numeric,none; these are non-DP baseline models,1,Caller is responsible for disjoint evaluation rows; this function receives training arrays only.,20262940,"last input column S, explicitly supplied by caller",34cf77139a2aabbb63206ea939032dcdce6aaea3c87f38dfad8da6f718182221,binary_income_Y,6,X_with_S and y only; no separate evaluation input is accepted,50000,2.5.2,3.12.14,1.6.1,2.13.0+cu130,[],1b695965a3d520acb708678ce62f71af575ed0fa26e276924957e7459ff78c16,<LOCAL_DRIVE_D>/model_audit_data\experiments\acs-attribute-dp-20260921\run-v1\arms\epsilon-3-seed-20260922\privacy-contract.json,optimizer is non-DP; model inherits conditional attribute-DP solely through cached RR preprocessing,20260922,0.7766,0.4680983324561922,10000,0.8589048991538925,0.7765,0.4677478157732761,10000,0.859176428522509,0.7776,0.46689709267436585,10000,0.8598390601927505,20262940,18,100,,,,,,,,,,,,,,,,,,,,,,,,,,,,,,,,,,
epsilon-3-seed-20260922,0.7753,0.4664609768700998,0.8599029271005952,D2_100,3.0,extra_trees,22111513,8ed9e1e63b57c4c3efd7147e41918c89aeec5322fcc955ffb8d7b0754d0314e7,364,1142ecb81d085caa18d5a8ae43d8c5a4ac2ccaf5b9ac6b6e6536971e46ccba25,cpu,,6,,,1.0454292999929748,"[25056,24944]","[14,3,25,6,7,10,25,20,10,100,2]",classical_income_classifier,extra_trees,raw_category_codes_as_ordered_numeric,none; these are non-DP baseline models,1,Caller is responsible for disjoint evaluation rows; this function receives training arrays only.,20263949,"last input column S, explicitly supplied by caller",34cf77139a2aabbb63206ea939032dcdce6aaea3c87f38dfad8da6f718182221,binary_income_Y,6,X_with_S and y only; no separate evaluation input is accepted,50000,2.5.2,3.12.14,1.6.1,2.13.0+cu130,[],05923c3c8eddbd4237661a7f29360fdda377ad3d498d91014ed252647eaddb21,<LOCAL_DRIVE_D>/model_audit_data\experiments\acs-attribute-dp-20260921\run-v1\arms\epsilon-3-seed-20260922\privacy-contract.json,optimizer is non-DP; model inherits conditional attribute-DP solely through cached RR preprocessing,20260922,0.7763,0.46958239866956886,10000,0.8580564473853491,0.7762,0.46864090603501607,10000,0.8585543612397117,0.7768,0.4686007944959265,10000,0.8586046866829117,20263949,18,100,,,,,,,,,,,,,,,,,,,,,,,,,,,,,,,,,,
epsilon-3-seed-20260922,0.7904,0.4451274070340025,0.8734067476738283,D1,3.0,hist_gradient_boosting,203287,8ce087fa0681a29ee1a828330f67f8c9c0b64c9d01f9625bd31cf5dcda5d37b6,365,ab5742d6b86291f53abae479b597104164d49365b842723fb128f01a132d96fb,cpu,,,,,0.2981423999881372,"[25056,24944]","[14,3,25,6,7,10,25,20,10,100,2]",classical_income_classifier,hist_gradient_boosting,native_categorical_fixed_integer_codes,none; these are non-DP baseline models,1,Caller is responsible for disjoint evaluation rows; this function receives training arrays only.,20260922,"last input column S, explicitly supplied by caller",34cf77139a2aabbb63206ea939032dcdce6aaea3c87f38dfad8da6f718182221,binary_income_Y,6,X_with_S and y only; no separate evaluation input is accepted,50000,2.5.2,3.12.14,1.6.1,2.13.0+cu130,[],b30430706af098e949f7dd1bde0ace5d979506cd71d50e177398b674110c73c2,<LOCAL_DRIVE_D>/model_audit_data\experiments\acs-attribute-dp-20260921\run-v1\arms\epsilon-3-seed-20260922\privacy-contract.json,optimizer is non-DP; model inherits conditional attribute-DP solely through cached RR preprocessing,20260922,0.7896,0.4458087210185316,10000,0.8729512184037824,0.7906,0.4460857022604017,10000,0.8727837202871862,0.7907,0.4455503483384129,10000,0.8731192165744647,20260922,,,"[true,true,true,true,true,true,true,true,true,true,true]",False,120,31,,,,,,,,,,,,,,,,,,,,,,,,,,,,,,
epsilon-3-seed-20260922,0.7866,0.4486227032057155,0.8709057571666952,D2_0,3.0,hist_gradient_boosting,204272,4d47fbbb930751f52e4b65029bb7ccce69c7b7cc1a2b11bb4667ca40dfed6644,365,ab5742d6b86291f53abae479b597104164d49365b842723fb128f01a132d96fb,cpu,,,,,0.2980643999762833,"[25089,24911]","[14,3,25,6,7,10,25,20,10,100,2]",classical_income_classifier,hist_gradient_boosting,native_categorical_fixed_integer_codes,none; these are non-DP baseline models,1,Caller is responsible for disjoint evaluation rows; this function receives training arrays only.,20261931,"last input column S, explicitly supplied by caller",34cf77139a2aabbb63206ea939032dcdce6aaea3c87f38dfad8da6f718182221,binary_income_Y,6,X_with_S and y only; no separate evaluation input is accepted,50000,2.5.2,3.12.14,1.6.1,2.13.0+cu130,[],27e9a03a0320006d20f840a65fb2755a334685c52447fea61e30c9e46385177f,<LOCAL_DRIVE_D>/model_audit_data\experiments\acs-attribute-dp-20260921\run-v1\arms\epsilon-3-seed-20260922\privacy-contract.json,optimizer is non-DP; model inherits conditional attribute-DP solely through cached RR preprocessing,20260922,0.7861,0.449881167546884,10000,0.8702668880666132,0.7872,0.44977105396618644,10000,0.8703855809044307,0.7866,0.449276372018467,10000,0.8706493494336347,20261931,,,"[true,true,true,true,true,true,true,true,true,true,true]",False,120,31,,,,,,,,,,,,,,,,,,,,,,,,,,,,,,
epsilon-3-seed-20260922,0.7897,0.4459167753128755,0.8728440468121031,D2_50,3.0,hist_gradient_boosting,204401,7c8d23afd357a7cd598108e18cf30419e2d87433cfe319f3660eb46fde9aceef,365,ab5742d6b86291f53abae479b597104164d49365b842723fb128f01a132d96fb,cpu,,,,,0.3115550000220537,"[24976,25024]","[14,3,25,6,7,10,25,20,10,100,2]",classical_income_classifier,hist_gradient_boosting,native_categorical_fixed_integer_codes,none; these are non-DP baseline models,1,Caller is responsible for disjoint evaluation rows; this function receives training arrays only.,20262940,"last input column S, explicitly supplied by caller",34cf77139a2aabbb63206ea939032dcdce6aaea3c87f38dfad8da6f718182221,binary_income_Y,6,X_with_S and y only; no separate evaluation input is accepted,50000,2.5.2,3.12.14,1.6.1,2.13.0+cu130,[],bbf462fe176386dcfc48853f0fa23adeb93669f4ea8fddfae7c35f2f02b8c932,<LOCAL_DRIVE_D>/model_audit_data\experiments\acs-attribute-dp-20260921\run-v1\arms\epsilon-3-seed-20260922\privacy-contract.json,optimizer is non-DP; model inherits conditional attribute-DP solely through cached RR preprocessing,20260922,0.7887,0.4464455996832468,10000,0.8722268800593471,0.7896,0.4464347522499602,10000,0.8722494825040277,0.7892,0.44607349910982813,10000,0.8724616054472452,20262940,,,"[true,true,true,true,true,true,true,true,true,true,true]",False,120,31,,,,,,,,,,,,,,,,,,,,,,,,,,,,,,
epsilon-3-seed-20260922,0.7904,0.4451274070340025,0.8734067476738283,D2_100,3.0,hist_gradient_boosting,203286,69720c30f5fc971a480be3cef6eb07e065c19fe4726a290ced61c084e54396cb,365,ab5742d6b86291f53abae479b597104164d49365b842723fb128f01a132d96fb,cpu,,,,,0.2901583999628201,"[25056,24944]","[14,3,25,6,7,10,25,20,10,100,2]",classical_income_classifier,hist_gradient_boosting,native_categorical_fixed_integer_codes,none; these are non-DP baseline models,1,Caller is responsible for disjoint evaluation rows; this function receives training arrays only.,20263949,"last input column S, explicitly supplied by caller",34cf77139a2aabbb63206ea939032dcdce6aaea3c87f38dfad8da6f718182221,binary_income_Y,6,X_with_S and y only; no separate evaluation input is accepted,50000,2.5.2,3.12.14,1.6.1,2.13.0+cu130,[],a382735e6629cf782e49b1bb8032c8eeb880d2d02576f0b6d986bc676712ad99,<LOCAL_DRIVE_D>/model_audit_data\experiments\acs-attribute-dp-20260921\run-v1\arms\epsilon-3-seed-20260922\privacy-contract.json,optimizer is non-DP; model inherits conditional attribute-DP solely through cached RR preprocessing,20260922,0.7896,0.4458087210185316,10000,0.8729512184037824,0.7908,0.4457358040050778,10000,0.8729925628756007,0.7907,0.4455503483384129,10000,0.8731192165744647,20263949,,,"[true,true,true,true,true,true,true,true,true,true,true]",False,120,31,,,,,,,,,,,,,,,,,,,,,,,,,,,,,,
epsilon-3-seed-20260922,0.791,0.4444228672489421,0.8735633446113532,D1,3.0,xgboost,175296,c82705c3c253c04f16d3d5571c3d5d6e8a699b43da0c1715feabc38a0be20747,364,1142ecb81d085caa18d5a8ae43d8c5a4ac2ccaf5b9ac6b6e6536971e46ccba25,cpu,,6,,,0.1256876999977976,"[25056,24944]","[14,3,25,6,7,10,25,20,10,100,2]",classical_income_classifier,xgboost,raw_category_codes_as_ordered_numeric,none; these are non-DP baseline models,1,Caller is responsible for disjoint evaluation rows; this function receives training arrays only.,20260922,"last input column S, explicitly supplied by caller",34cf77139a2aabbb63206ea939032dcdce6aaea3c87f38dfad8da6f718182221,binary_income_Y,6,X_with_S and y only; no separate evaluation input is accepted,50000,2.5.2,3.12.14,1.6.1,2.13.0+cu130,[],a6d75119a2bbafd88f667049ddbbeb22490aa392c999409124b1955d491835f8,<LOCAL_DRIVE_D>/model_audit_data\experiments\acs-attribute-dp-20260921\run-v1\arms\epsilon-3-seed-20260922\privacy-contract.json,optimizer is non-DP; model inherits conditional attribute-DP solely through cached RR preprocessing,20260922,0.7893,0.44535049065305604,10000,0.872928055898526,0.7904,0.44549630557217823,10000,0.8728650290815455,0.7907,0.4448081658126288,10000,0.8732766135985268,20260922,6,120,,,,,logloss,0.1,binary:logistic,hist,2.1.4,,,,,,,,,,,,,,,,,,,,,,,,,
epsilon-3-seed-20260922,0.7883,0.4481490328078783,0.8712815378111296,D2_0,3.0,xgboost,176382,3e8030612bab22ace34ebf09842a0ff9e1af1a864c203c24d0c526ce5d75db8a,364,1142ecb81d085caa18d5a8ae43d8c5a4ac2ccaf5b9ac6b6e6536971e46ccba25,cpu,,6,,,0.12979879998601973,"[25089,24911]","[14,3,25,6,7,10,25,20,10,100,2]",classical_income_classifier,xgboost,raw_category_codes_as_ordered_numeric,none; these are non-DP baseline models,1,Caller is responsible for disjoint evaluation rows; this function receives training arrays only.,20261931,"last input column S, explicitly supplied by caller",34cf77139a2aabbb63206ea939032dcdce6aaea3c87f38dfad8da6f718182221,binary_income_Y,6,X_with_S and y only; no separate evaluation input is accepted,50000,2.5.2,3.12.14,1.6.1,2.13.0+cu130,[],4ae8f17a07decd1a41709c4c212cde0aae132926113e599225f1801de95ce922,<LOCAL_DRIVE_D>/model_audit_data\experiments\acs-attribute-dp-20260921\run-v1\arms\epsilon-3-seed-20260922\privacy-contract.json,optimizer is non-DP; model inherits conditional attribute-DP solely through cached RR preprocessing,20260922,0.7859,0.4486590110169641,10000,0.8708174076108072,0.7861,0.44853840615972823,10000,0.8709046370455429,0.7861,0.4481754241324958,10000,0.8711195602916412,20261931,6,120,,,,,logloss,0.1,binary:logistic,hist,2.1.4,,,,,,,,,,,,,,,,,,,,,,,,,
epsilon-3-seed-20260922,0.79,0.4446762645199261,0.8733590025097115,D2_50,3.0,xgboost,174486,d1ea903dccd5d4a6155ae089a4d7fa9e33e62436632c5437766a886a83b6d8e3,364,1142ecb81d085caa18d5a8ae43d8c5a4ac2ccaf5b9ac6b6e6536971e46ccba25,cpu,,6,,,0.12168869999004528,"[24976,25024]","[14,3,25,6,7,10,25,20,10,100,2]",classical_income_classifier,xgboost,raw_category_codes_as_ordered_numeric,none; these are non-DP baseline models,1,Caller is responsible for disjoint evaluation rows; this function receives training arrays only.,20262940,"last input column S, explicitly supplied by caller",34cf77139a2aabbb63206ea939032dcdce6aaea3c87f38dfad8da6f718182221,binary_income_Y,6,X_with_S and y only; no separate evaluation input is accepted,50000,2.5.2,3.12.14,1.6.1,2.13.0+cu130,[],f1e80e69e3fde6a6de08c0801eda7e0e8ab521c352d57bd645083ac8e9bc2d5e,<LOCAL_DRIVE_D>/model_audit_data\experiments\acs-attribute-dp-20260921\run-v1\arms\epsilon-3-seed-20260922\privacy-contract.json,optimizer is non-DP; model inherits conditional attribute-DP solely through cached RR preprocessing,20260922,0.7876,0.445582238744384,10000,0.8727686586581205,0.7885,0.44520931289252785,10000,0.8730366076394822,0.7887,0.4448309107946921,10000,0.8732319887719056,20262940,6,120,,,,,logloss,0.1,binary:logistic,hist,2.1.4,,,,,,,,,,,,,,,,,,,,,,,,,
epsilon-3-seed-20260922,0.791,0.4444228672489421,0.8735633446113532,D2_100,3.0,xgboost,175297,ebfadf458c66e502aa0a5345dad04473ae2241c7cf4115c0939bacdcd672af8e,364,1142ecb81d085caa18d5a8ae43d8c5a4ac2ccaf5b9ac6b6e6536971e46ccba25,cpu,,6,,,0.12282369995955378,"[25056,24944]","[14,3,25,6,7,10,25,20,10,100,2]",classical_income_classifier,xgboost,raw_category_codes_as_ordered_numeric,none; these are non-DP baseline models,1,Caller is responsible for disjoint evaluation rows; this function receives training arrays only.,20263949,"last input column S, explicitly supplied by caller",34cf77139a2aabbb63206ea939032dcdce6aaea3c87f38dfad8da6f718182221,binary_income_Y,6,X_with_S and y only; no separate evaluation input is accepted,50000,2.5.2,3.12.14,1.6.1,2.13.0+cu130,[],5646e53c4fbea62b7631155e164e42be379487f0a728fade969d01683ef71cdd,<LOCAL_DRIVE_D>/model_audit_data\experiments\acs-attribute-dp-20260921\run-v1\arms\epsilon-3-seed-20260922\privacy-contract.json,optimizer is non-DP; model inherits conditional attribute-DP solely through cached RR preprocessing,20260922,0.7893,0.44535049065305604,10000,0.872928055898526,0.7905,0.4450240058573321,10000,0.8731067552266453,0.7907,0.4448081658126288,10000,0.8732766135985268,20263949,6,120,,,,,logloss,0.1,binary:logistic,hist,2.1.4,,,,,,,,,,,,,,,,,,,,,,,,,
epsilon-3-seed-20260922,0.7892,0.45464309237785216,0.8676198417620851,D1,3.0,logistic_regression,3080,51266602d96f3e229399af4d27390410149eba0c17a55cfa1ea069a585d52d9c,351,e8afbf8267f033a48fbd646e821a0b017de471a3e6015be2bec1d4b8ef458ef6,cpu,,,,,0.14463090000208467,"[25056,24944]","[14,3,25,6,7,10,25,20,10,100,2]",classical_income_classifier,logistic_regression,fixed_vocabulary_one_hot,none; these are non-DP baseline models,1,Caller is responsible for disjoint evaluation rows; this function receives training arrays only.,20260922,"last input column S, explicitly supplied by caller",34cf77139a2aabbb63206ea939032dcdce6aaea3c87f38dfad8da6f718182221,binary_income_Y,6,X_with_S and y only; no separate evaluation input is accepted,50000,2.5.2,3.12.14,1.6.1,2.13.0+cu130,"[{""category"":""OptimizeWarning"",""message"":""Unknown solver options: iprint""}]",a914b3cbc86e659ee30779147f8efe6edb18d79a42d628b48702dfbd951e609a,<LOCAL_DRIVE_D>/model_audit_data\experiments\acs-attribute-dp-20260921\run-v1\arms\epsilon-3-seed-20260922\privacy-contract.json,optimizer is non-DP; model inherits conditional attribute-DP solely through cached RR preprocessing,20260922,0.7878,0.4552224836187418,10000,0.8672627831426247,0.7891,0.4550640584853432,10000,0.8674087189270391,0.7891,0.45462332516639997,10000,0.8676385637870593,20260922,,,,,300,,,,,,,1.0,,,,,,,,,,,,,,,,,,,,,,,,
epsilon-3-seed-20260922,0.7891,0.454877538708178,0.867409859050355,D2_0,3.0,logistic_regression,3078,9e0c1b6a24d258b9858c5c6af9da803d878681ab52c885549429deb37ef9a226,351,e8afbf8267f033a48fbd646e821a0b017de471a3e6015be2bec1d4b8ef458ef6,cpu,,,,,0.15023530001053587,"[25089,24911]","[14,3,25,6,7,10,25,20,10,100,2]",classical_income_classifier,logistic_regression,fixed_vocabulary_one_hot,none; these are non-DP baseline models,1,Caller is responsible for disjoint evaluation rows; this function receives training arrays only.,20261931,"last input column S, explicitly supplied by caller",34cf77139a2aabbb63206ea939032dcdce6aaea3c87f38dfad8da6f718182221,binary_income_Y,6,X_with_S and y only; no separate evaluation input is accepted,50000,2.5.2,3.12.14,1.6.1,2.13.0+cu130,"[{""category"":""OptimizeWarning"",""message"":""Unknown solver options: iprint""}]",c78259cbdbbf0458ee7f4e8e012f4604b6b80af8b10f987d21844407ff4e5fc7,<LOCAL_DRIVE_D>/model_audit_data\experiments\acs-attribute-dp-20260921\run-v1\arms\epsilon-3-seed-20260922\privacy-contract.json,optimizer is non-DP; model inherits conditional attribute-DP solely through cached RR preprocessing,20260922,0.7874,0.4554907907485887,10000,0.8670010348319275,0.7885,0.4554824579303653,10000,0.867014196255467,0.7883,0.4551258298349707,10000,0.8672232388655157,20261931,,,,,300,,,,,,,1.0,,,,,,,,,,,,,,,,,,,,,,,,
epsilon-3-seed-20260922,0.7884,0.45419655655869073,0.867938316208281,D2_50,3.0,logistic_regression,3070,1cb5b4bd3e5101a9335ae6c5b1c7cc5afbac9484ba99151b5fd059625f260981,351,e8afbf8267f033a48fbd646e821a0b017de471a3e6015be2bec1d4b8ef458ef6,cpu,,,,,0.1531370000448078,"[24976,25024]","[14,3,25,6,7,10,25,20,10,100,2]",classical_income_classifier,logistic_regression,fixed_vocabulary_one_hot,none; these are non-DP baseline models,1,Caller is responsible for disjoint evaluation rows; this function receives training arrays only.,20262940,"last input column S, explicitly supplied by caller",34cf77139a2aabbb63206ea939032dcdce6aaea3c87f38dfad8da6f718182221,binary_income_Y,6,X_with_S and y only; no separate evaluation input is accepted,50000,2.5.2,3.12.14,1.6.1,2.13.0+cu130,"[{""category"":""OptimizeWarning"",""message"":""Unknown solver options: iprint""}]",f115b296d304de8a3b2714bb93d4fa820d3fff141b7f25176e6427d37e906b9f,<LOCAL_DRIVE_D>/model_audit_data\experiments\acs-attribute-dp-20260921\run-v1\arms\epsilon-3-seed-20260922\privacy-contract.json,optimizer is non-DP; model inherits conditional attribute-DP solely through cached RR preprocessing,20260922,0.7872,0.45478665678746477,10000,0.8675154904754498,0.7886,0.4545371159070222,10000,0.8677327939789967,0.7885,0.45426262472130846,10000,0.8678403456117814,20262940,,,,,300,,,,,,,1.0,,,,,,,,,,,,,,,,,,,,,,,,
epsilon-3-seed-20260922,0.7892,0.45464309237785216,0.8676198417620851,D2_100,3.0,logistic_regression,3080,411a296413ead66283d8144d0280e92c631393a2d661b27ee5a00526840d7a42,351,e8afbf8267f033a48fbd646e821a0b017de471a3e6015be2bec1d4b8ef458ef6,cpu,,,,,0.14994179998757318,"[25056,24944]","[14,3,25,6,7,10,25,20,10,100,2]",classical_income_classifier,logistic_regression,fixed_vocabulary_one_hot,none; these are non-DP baseline models,1,Caller is responsible for disjoint evaluation rows; this function receives training arrays only.,20263949,"last input column S, explicitly supplied by caller",34cf77139a2aabbb63206ea939032dcdce6aaea3c87f38dfad8da6f718182221,binary_income_Y,6,X_with_S and y only; no separate evaluation input is accepted,50000,2.5.2,3.12.14,1.6.1,2.13.0+cu130,"[{""category"":""OptimizeWarning"",""message"":""Unknown solver options: iprint""}]",6bd4ab381579f411962194d77a7dbee78d0df0153ef42f2482420db90c13b7b3,<LOCAL_DRIVE_D>/model_audit_data\experiments\acs-attribute-dp-20260921\run-v1\arms\epsilon-3-seed-20260922\privacy-contract.json,optimizer is non-DP; model inherits conditional attribute-DP solely through cached RR preprocessing,20260922,0.7878,0.4552224836187418,10000,0.8672627831426247,0.7888,0.4548040602407774,10000,0.8675211310855382,0.7891,0.45462332516639997,10000,0.8676385637870593,20263949,,,,,300,,,,,,,1.0,,,,,,,,,,,,,,,,,,,,,,,,
epsilon-3-seed-20260922,0.7425,1.0502050611186988,0.8059044666271105,D1,3.0,mlp,558849,3fbaeec18ed1d34912e6605322423910f7badd681a7b6363e456fdaca66a8e55,351,e8afbf8267f033a48fbd646e821a0b017de471a3e6015be2bec1d4b8ef458ef6,cpu,,,,,14.241938399965875,"[25056,24944]","[14,3,25,6,7,10,25,20,10,100,2]",classical_income_classifier,mlp,fixed_vocabulary_one_hot,none; these are non-DP baseline models,1,Caller is responsible for disjoint evaluation rows; this function receives training arrays only.,20260922,"last input column S, explicitly supplied by caller",34cf77139a2aabbb63206ea939032dcdce6aaea3c87f38dfad8da6f718182221,binary_income_Y,6,X_with_S and y only; no separate evaluation input is accepted,50000,2.5.2,3.12.14,1.6.1,2.13.0+cu130,"[{""category"":""ConvergenceWarning"",""message"":""Stochastic Optimizer: Maximum iterations (100) reached and the optimization hasn't converged yet.""}]",e6c3844454eb4b804f93e8440efbbc86e0c0af568be3de10d2b90944463776ee,<LOCAL_DRIVE_D>/model_audit_data\experiments\acs-attribute-dp-20260921\run-v1\arms\epsilon-3-seed-20260922\privacy-contract.json,optimizer is non-DP; model inherits conditional attribute-DP solely through cached RR preprocessing,20260922,0.739,1.0486156256161145,10000,0.8011286100704653,0.7391,1.0555123255549832,10000,0.7998580126426473,0.7401,1.0477077653426585,10000,0.8014097604796935,20260922,,,,False,100,,,,,,,,512,"[128,64]",,,,,,,,,,,,,,,,,,,,,,
epsilon-3-seed-20260922,0.733,1.15979814572476,0.7875722238117274,D2_0,3.0,mlp,558629,e095b56729d1b6944c753dea49094b100ca63d575a14b01121973b2626f3bb37,351,e8afbf8267f033a48fbd646e821a0b017de471a3e6015be2bec1d4b8ef458ef6,cpu,,,,,14.040336400037631,"[25089,24911]","[14,3,25,6,7,10,25,20,10,100,2]",classical_income_classifier,mlp,fixed_vocabulary_one_hot,none; these are non-DP baseline models,1,Caller is responsible for disjoint evaluation rows; this function receives training arrays only.,20261931,"last input column S, explicitly supplied by caller",34cf77139a2aabbb63206ea939032dcdce6aaea3c87f38dfad8da6f718182221,binary_income_Y,6,X_with_S and y only; no separate evaluation input is accepted,50000,2.5.2,3.12.14,1.6.1,2.13.0+cu130,"[{""category"":""ConvergenceWarning"",""message"":""Stochastic Optimizer: Maximum iterations (100) reached and the optimization hasn't converged yet.""}]",eeca8e7685194da4f0154748d420d72a316a96f046e51c6df390f8465c71ec9c,<LOCAL_DRIVE_D>/model_audit_data\experiments\acs-attribute-dp-20260921\run-v1\arms\epsilon-3-seed-20260922\privacy-contract.json,optimizer is non-DP; model inherits conditional attribute-DP solely through cached RR preprocessing,20260922,0.7361,1.152063053990851,10000,0.7896519487547774,0.7367,1.143997678298785,10000,0.7905577667280494,0.738,1.132095488755659,10000,0.7917497756557348,20261931,,,,False,100,,,,,,,,512,"[128,64]",,,,,,,,,,,,,,,,,,,,,,
epsilon-3-seed-20260922,0.7495,1.1505365155246152,0.810200571293791,D2_50,3.0,mlp,558604,bf94489f45d4893d2e0f7c0d131a2ced6cfc071e6ec315e058f610fc856b1b13,351,e8afbf8267f033a48fbd646e821a0b017de471a3e6015be2bec1d4b8ef458ef6,cpu,,,,,14.034785299969371,"[24976,25024]","[14,3,25,6,7,10,25,20,10,100,2]",classical_income_classifier,mlp,fixed_vocabulary_one_hot,none; these are non-DP baseline models,1,Caller is responsible for disjoint evaluation rows; this function receives training arrays only.,20262940,"last input column S, explicitly supplied by caller",34cf77139a2aabbb63206ea939032dcdce6aaea3c87f38dfad8da6f718182221,binary_income_Y,6,X_with_S and y only; no separate evaluation input is accepted,50000,2.5.2,3.12.14,1.6.1,2.13.0+cu130,"[{""category"":""ConvergenceWarning"",""message"":""Stochastic Optimizer: Maximum iterations (100) reached and the optimization hasn't converged yet.""}]",a00db888d9701e27b438b447de199431c248048cb30ffb6449d96fd48cc3d7a3,<LOCAL_DRIVE_D>/model_audit_data\experiments\acs-attribute-dp-20260921\run-v1\arms\epsilon-3-seed-20260922\privacy-contract.json,optimizer is non-DP; model inherits conditional attribute-DP solely through cached RR preprocessing,20260922,0.7444,1.1398658391085976,10000,0.8080202754729952,0.7438,1.1391713209684464,10000,0.8075461041866288,0.7452,1.1365842306107548,10000,0.8080065939932064,20262940,,,,False,100,,,,,,,,512,"[128,64]",,,,,,,,,,,,,,,,,,,,,,
epsilon-3-seed-20260922,0.7408,1.1847430429271808,0.7962409614223874,D2_100,3.0,mlp,558624,f9a662c0b4aab20acbdc718677c2a9a0fab54dec27cbdb538dd4d14ffc8fe8c2,351,e8afbf8267f033a48fbd646e821a0b017de471a3e6015be2bec1d4b8ef458ef6,cpu,,,,,14.081411799998023,"[25056,24944]","[14,3,25,6,7,10,25,20,10,100,2]",classical_income_classifier,mlp,fixed_vocabulary_one_hot,none; these are non-DP baseline models,1,Caller is responsible for disjoint evaluation rows; this function receives training arrays only.,20263949,"last input column S, explicitly supplied by caller",34cf77139a2aabbb63206ea939032dcdce6aaea3c87f38dfad8da6f718182221,binary_income_Y,6,X_with_S and y only; no separate evaluation input is accepted,50000,2.5.2,3.12.14,1.6.1,2.13.0+cu130,"[{""category"":""ConvergenceWarning"",""message"":""Stochastic Optimizer: Maximum iterations (100) reached and the optimization hasn't converged yet.""}]",1e1d0f090ada965f4dbcf7084cc6e4eca26144e88fe69ddfdac23fd5d61d711f,<LOCAL_DRIVE_D>/model_audit_data\experiments\acs-attribute-dp-20260921\run-v1\arms\epsilon-3-seed-20260922\privacy-contract.json,optimizer is non-DP; model inherits conditional attribute-DP solely through cached RR preprocessing,20260922,0.7413,1.1342745301575805,10000,0.7998816151954995,0.7404,1.139495617251403,10000,0.799044304631989,0.7395,1.143576680321838,10000,0.7990347836021945,20263949,,,,False,100,,,,,,,,512,"[128,64]",,,,,,,,,,,,,,,,,,,,,,
epsilon-3-seed-20260922,0.7876,0.44928970820787645,0.8711458431343935,D1,3.0,slm_small,,,604,079484de113f220568266c360aa0d8f9f2d69d58f22c5b857d60fa937a86092c,cuda,,,,,5.834921300003771,"[25056,24944]","[14,3,25,6,7,10,25,20,10,100,2]",scratch_causal_record_language_model,slm_small,,none; these are non-DP baseline models,1,Caller is responsible for disjoint evaluation rows; this function receives training arrays only.,20260922,"last input column S, explicitly supplied by caller",34cf77139a2aabbb63206ea939032dcdce6aaea3c87f38dfad8da6f718182221,binary_income_Y,6,X_with_S and y only; no separate evaluation input is accepted,50000,2.5.2,3.12.14,1.6.1,2.13.0+cu130,[],2dd6bff6107da633194287fe3e44ba8ffd49335ffc98e18130c7fb7955e9fd13,<LOCAL_DRIVE_D>/model_audit_data\experiments\acs-attribute-dp-20260921\run-v1\arms\epsilon-3-seed-20260922\privacy-contract.json,optimizer is non-DP; model inherits conditional attribute-DP solely through cached RR preprocessing,20260922,0.7872,0.4496079415664013,10000,0.8707278779272766,0.7881,0.4496342416654053,10000,0.8706989147946242,0.7883,0.4490700285708303,10000,0.870992626562489,,,,,,,,,,,,,,,,bfloat16,5712040,6e4a4a4904d7958b6095a1ad6352e44d98cdbab94aa3051e81988a025acc324d,True,512,192,768,0.1,0.0003,6,3,1024,0.01,seeded training and minibatch shuffle; bitwise determinism across hardware/runtimes is not asserted,NVIDIA GeForce RTX 5080 Laptop GPU,"[2.068202664451599,1.2035470974349975,1.1515390625,1.1335239254379272,1.1251457377624512,1.1195184260940552,1.1162924418640137,1.1136789866638184]","[0.6946174000040628,0.7174441000097431,0.7372342000016943,0.7389172000112012,0.7229641999583691,0.7247656999970786,0.7384501000051387,0.7152187000028789]",8,"softmax restricted to Y=0 and Y=1 logits after [BOS, X_1,...,X_10,S]",1381248,"softmax restricted to S=0 and S=1 logits after [BOS,X_1,...,X_10]","autoregressive next-token cross-entropy over every next token, including covariates, S, Y, and EOS"
epsilon-3-seed-20260922,0.7817,0.4494311234773788,0.8709992672807492,D2_0,3.0,slm_small,,,604,079484de113f220568266c360aa0d8f9f2d69d58f22c5b857d60fa937a86092c,cuda,,,,,5.681955699983519,"[25089,24911]","[14,3,25,6,7,10,25,20,10,100,2]",scratch_causal_record_language_model,slm_small,,none; these are non-DP baseline models,1,Caller is responsible for disjoint evaluation rows; this function receives training arrays only.,20261931,"last input column S, explicitly supplied by caller",34cf77139a2aabbb63206ea939032dcdce6aaea3c87f38dfad8da6f718182221,binary_income_Y,6,X_with_S and y only; no separate evaluation input is accepted,50000,2.5.2,3.12.14,1.6.1,2.13.0+cu130,[],7b87fe8869c1c3db16303f6d35321eed915db82874594ac723a882b047e36146,<LOCAL_DRIVE_D>/model_audit_data\experiments\acs-attribute-dp-20260921\run-v1\arms\epsilon-3-seed-20260922\privacy-contract.json,optimizer is non-DP; model inherits conditional attribute-DP solely through cached RR preprocessing,20260922,0.7827,0.44973275264022533,10000,0.8706741321141295,0.7824,0.44962059406780175,10000,0.8707254576655011,0.7828,0.449388540132233,10000,0.8709472616558207,,,,,,,,,,,,,,,,bfloat16,5712040,088c2b3376c139acf6b7f9b0a749f0448cc7ecd01abd8b1e137a2c3b553051a5,True,512,192,768,0.1,0.0003,6,3,1024,0.01,seeded training and minibatch shuffle; bitwise determinism across hardware/runtimes is not asserted,NVIDIA GeForce RTX 5080 Laptop GPU,"[2.0219319550323487,1.2014527877044678,1.1518002687072755,1.1342882332229614,1.125744981880188,1.1208016073608398,1.1175259354019165,1.1145959700012207]","[0.761675700021442,0.72434620000422,0.7206101000192575,0.7124028000398539,0.6745151000213809,0.6818901999504305,0.6874878000235185,0.6811366000329144]",8,"softmax restricted to Y=0 and Y=1 logits after [BOS, X_1,...,X_10,S]",1381248,"softmax restricted to S=0 and S=1 logits after [BOS,X_1,...,X_10]","autoregressive next-token cross-entropy over every next token, including covariates, S, Y, and EOS"
epsilon-3-seed-20260922,0.7919,0.4474001943291152,0.8715637683371833,D2_50,3.0,slm_small,,,604,079484de113f220568266c360aa0d8f9f2d69d58f22c5b857d60fa937a86092c,cuda,,,,,5.594280600023922,"[24976,25024]","[14,3,25,6,7,10,25,20,10,100,2]",scratch_causal_record_language_model,slm_small,,none; these are non-DP baseline models,1,Caller is responsible for disjoint evaluation rows; this function receives training arrays only.,20262940,"last input column S, explicitly supplied by caller",34cf77139a2aabbb63206ea939032dcdce6aaea3c87f38dfad8da6f718182221,binary_income_Y,6,X_with_S and y only; no separate evaluation input is accepted,50000,2.5.2,3.12.14,1.6.1,2.13.0+cu130,[],41448933ff66223aa7dc7cffddbbd0c50b1110c42646a72f7a08f1dad3037bcb,<LOCAL_DRIVE_D>/model_audit_data\experiments\acs-attribute-dp-20260921\run-v1\arms\epsilon-3-seed-20260922\privacy-contract.json,optimizer is non-DP; model inherits conditional attribute-DP solely through cached RR preprocessing,20260922,0.7909,0.4484314749278801,10000,0.8709184785426392,0.791,0.4479549724833716,10000,0.8712665961950445,0.7912,0.44789000874865026,10000,0.8712715367294126,,,,,,,,,,,,,,,,bfloat16,5712040,31aa62dc1a12c0b4620e9b29dc909a1497d06c93ae3ad50b5b3816643f6734b9,True,512,192,768,0.1,0.0003,6,3,1024,0.01,seeded training and minibatch shuffle; bitwise determinism across hardware/runtimes is not asserted,NVIDIA GeForce RTX 5080 Laptop GPU,"[2.0398413913726805,1.2026637576675414,1.151581149597168,1.1345221276473998,1.1257580812454224,1.1204220871734618,1.1170320433044434,1.1148279268264771]","[0.7204712999518961,0.6950798999750987,0.6834832000313327,0.6891097000334412,0.7055210000253282,0.684815599990543,0.6908716000034474,0.6896997999865562]",8,"softmax restricted to Y=0 and Y=1 logits after [BOS, X_1,...,X_10,S]",1381248,"softmax restricted to S=0 and S=1 logits after [BOS,X_1,...,X_10]","autoregressive next-token cross-entropy over every next token, including covariates, S, Y, and EOS"
epsilon-3-seed-20260922,0.7913,0.4475692480335694,0.8717081439528499,D2_100,3.0,slm_small,,,604,079484de113f220568266c360aa0d8f9f2d69d58f22c5b857d60fa937a86092c,cuda,,,,,5.566614000010304,"[25056,24944]","[14,3,25,6,7,10,25,20,10,100,2]",scratch_causal_record_language_model,slm_small,,none; these are non-DP baseline models,1,Caller is responsible for disjoint evaluation rows; this function receives training arrays only.,20263949,"last input column S, explicitly supplied by caller",34cf77139a2aabbb63206ea939032dcdce6aaea3c87f38dfad8da6f718182221,binary_income_Y,6,X_with_S and y only; no separate evaluation input is accepted,50000,2.5.2,3.12.14,1.6.1,2.13.0+cu130,[],8dddae40fdab20995d3df7fdc19c998c4cfc7bd286fc706a14fb967e1e2f880e,<LOCAL_DRIVE_D>/model_audit_data\experiments\acs-attribute-dp-20260921\run-v1\arms\epsilon-3-seed-20260922\privacy-contract.json,optimizer is non-DP; model inherits conditional attribute-DP solely through cached RR preprocessing,20260922,0.7899,0.4480320637032462,10000,0.8713827887624326,0.7907,0.4477253150341727,10000,0.8715664486270835,0.7904,0.4476463085217292,10000,0.8716155539383139,,,,,,,,,,,,,,,,bfloat16,5712040,cb752301053952e1b8675ab18096ea301cb9c789c5de0740e31b936f83b15c6e,True,512,192,768,0.1,0.0003,6,3,1024,0.01,seeded training and minibatch shuffle; bitwise determinism across hardware/runtimes is not asserted,NVIDIA GeForce RTX 5080 Laptop GPU,"[2.074809665298462,1.2025518545150757,1.150933871421814,1.1337718241500854,1.124597706565857,1.1199923262786866,1.116257098083496,1.113562451095581]","[0.7004181000520475,0.7061836000066251,0.6702640000148676,0.6808566999970935,0.6958838999853469,0.6951837999513373,0.6935251000104472,0.6874919999972917]",8,"softmax restricted to Y=0 and Y=1 logits after [BOS, X_1,...,X_10,S]",1381248,"softmax restricted to S=0 and S=1 logits after [BOS,X_1,...,X_10]","autoregressive next-token cross-entropy over every next token, including covariates, S, Y, and EOS"
epsilon-3-seed-20260922,0.7896,0.4480838831701698,0.8716364161947756,D1,3.0,slm_medium,,,604,079484de113f220568266c360aa0d8f9f2d69d58f22c5b857d60fa937a86092c,cuda,,,,,7.738590300024953,"[25056,24944]","[14,3,25,6,7,10,25,20,10,100,2]",scratch_causal_record_language_model,slm_medium,,none; these are non-DP baseline models,1,Caller is responsible for disjoint evaluation rows; this function receives training arrays only.,20260922,"last input column S, explicitly supplied by caller",34cf77139a2aabbb63206ea939032dcdce6aaea3c87f38dfad8da6f718182221,binary_income_Y,6,X_with_S and y only; no separate evaluation input is accepted,50000,2.5.2,3.12.14,1.6.1,2.13.0+cu130,[],31cab2c7134e054095cb84e2a70beedbabef2528623bb6de7114aa872af8062d,<LOCAL_DRIVE_D>/model_audit_data\experiments\acs-attribute-dp-20260921\run-v1\arms\epsilon-3-seed-20260922\privacy-contract.json,optimizer is non-DP; model inherits conditional attribute-DP solely through cached RR preprocessing,20260922,0.7873,0.449124087122355,10000,0.8711903279458706,0.788,0.4491478584503353,10000,0.8711749662843533,0.7884,0.4486890163079423,10000,0.8714098516895588,,,,,,,,,,,,,,,,bfloat16,13133892,5ada8d9955a494c49712923809651025a50b99a0d4da937271b5b0fe183387d7,True,512,256,1024,0.1,0.0003,8,4,1024,0.01,seeded training and minibatch shuffle; bitwise determinism across hardware/runtimes is not asserted,NVIDIA GeForce RTX 5080 Laptop GPU,"[1.7193901898956299,1.1624135215377807,1.1340037120437623,1.1228931653594971,1.1175953242492676,1.1139200787734986,1.1111415224456787,1.1096455847930908]","[0.9511091999593191,0.9377762000076473,0.9608944999636151,0.9657358000404201,0.9621801000321284,0.9599944000365213,0.9641034000087529,0.984166499983985]",8,"softmax restricted to Y=0 and Y=1 logits after [BOS, X_1,...,X_10,S]",3221248,"softmax restricted to S=0 and S=1 logits after [BOS,X_1,...,X_10]","autoregressive next-token cross-entropy over every next token, including covariates, S, Y, and EOS"
epsilon-3-seed-20260922,0.7833,0.4483425026640952,0.8718783023571829,D2_0,3.0,slm_medium,,,604,079484de113f220568266c360aa0d8f9f2d69d58f22c5b857d60fa937a86092c,cuda,,,,,7.871451299986802,"[25089,24911]","[14,3,25,6,7,10,25,20,10,100,2]",scratch_causal_record_language_model,slm_medium,,none; these are non-DP baseline models,1,Caller is responsible for disjoint evaluation rows; this function receives training arrays only.,20261931,"last input column S, explicitly supplied by caller",34cf77139a2aabbb63206ea939032dcdce6aaea3c87f38dfad8da6f718182221,binary_income_Y,6,X_with_S and y only; no separate evaluation input is accepted,50000,2.5.2,3.12.14,1.6.1,2.13.0+cu130,[],95b17a2586a50b033fd33c786959e3ffcde71099474783d3f2f4ab0bb4e240ad,<LOCAL_DRIVE_D>/model_audit_data\experiments\acs-attribute-dp-20260921\run-v1\arms\epsilon-3-seed-20260922\privacy-contract.json,optimizer is non-DP; model inherits conditional attribute-DP solely through cached RR preprocessing,20260922,0.7838,0.448831771809734,10000,0.8714001906446202,0.7835,0.4486860861067951,10000,0.8714582769272323,0.7838,0.4485047791340658,10000,0.8716670795113199,,,,,,,,,,,,,,,,bfloat16,13133892,56d5ba0c8ce45d1e891be96d45a098d303b234e79fba23faf7df0e487e96e4dd,True,512,256,1024,0.1,0.0003,8,4,1024,0.01,seeded training and minibatch shuffle; bitwise determinism across hardware/runtimes is not asserted,NVIDIA GeForce RTX 5080 Laptop GPU,"[1.7157546559524537,1.1643952376174926,1.1350655602264403,1.1244196312713624,1.118607537498474,1.1150655801391602,1.112978818435669,1.1108720110702515]","[1.0099797999719158,0.9782799999811687,0.96203700004844,0.9578145000268705,0.9535238000098616,1.0050271000363864,0.983265399991069,0.9691155000473373]",8,"softmax restricted to Y=0 and Y=1 logits after [BOS, X_1,...,X_10,S]",3221248,"softmax restricted to S=0 and S=1 logits after [BOS,X_1,...,X_10]","autoregressive next-token cross-entropy over every next token, including covariates, S, Y, and EOS"
epsilon-3-seed-20260922,0.7912,0.4458936427998082,0.8726127217919889,D2_50,3.0,slm_medium,,,604,079484de113f220568266c360aa0d8f9f2d69d58f22c5b857d60fa937a86092c,cuda,,,,,7.834228299965616,"[24976,25024]","[14,3,25,6,7,10,25,20,10,100,2]",scratch_causal_record_language_model,slm_medium,,none; these are non-DP baseline models,1,Caller is responsible for disjoint evaluation rows; this function receives training arrays only.,20262940,"last input column S, explicitly supplied by caller",34cf77139a2aabbb63206ea939032dcdce6aaea3c87f38dfad8da6f718182221,binary_income_Y,6,X_with_S and y only; no separate evaluation input is accepted,50000,2.5.2,3.12.14,1.6.1,2.13.0+cu130,[],48809d76afdb7d48a69d557dd9bd9ad8fa040cd0306dfa612d0539b06bd71835,<LOCAL_DRIVE_D>/model_audit_data\experiments\acs-attribute-dp-20260921\run-v1\arms\epsilon-3-seed-20260922\privacy-contract.json,optimizer is non-DP; model inherits conditional attribute-DP solely through cached RR preprocessing,20260922,0.7901,0.44655315117275296,10000,0.8722207193930096,0.7905,0.44610632292691405,10000,0.8725279326211923,0.7898,0.4459907229755197,10000,0.8725543554790887,,,,,,,,,,,,,,,,bfloat16,13133892,243b3f6022843e03298a7ff8afa88c60213ae511ebacd07b8a46c9333369dabf,True,512,256,1024,0.1,0.0003,8,4,1024,0.01,seeded training and minibatch shuffle; bitwise determinism across hardware/runtimes is not asserted,NVIDIA GeForce RTX 5080 Laptop GPU,"[1.7196338760375978,1.1635456587982178,1.1345538025283814,1.1241207133483886,1.1185521680450439,1.1147634563827515,1.1118509495544433,1.11047599609375]","[1.0765029999893159,0.9536166999605484,0.9486240999540314,0.9588094999780878,0.9533336999593303,0.9649173999787308,0.9621822999906726,0.9597103999694809]",8,"softmax restricted to Y=0 and Y=1 logits after [BOS, X_1,...,X_10,S]",3221248,"softmax restricted to S=0 and S=1 logits after [BOS,X_1,...,X_10]","autoregressive next-token cross-entropy over every next token, including covariates, S, Y, and EOS"
epsilon-3-seed-20260922,0.7917,0.4456342426769039,0.8725354934389703,D2_100,3.0,slm_medium,,,604,079484de113f220568266c360aa0d8f9f2d69d58f22c5b857d60fa937a86092c,cuda,,,,,8.083340000011958,"[25056,24944]","[14,3,25,6,7,10,25,20,10,100,2]",scratch_causal_record_language_model,slm_medium,,none; these are non-DP baseline models,1,Caller is responsible for disjoint evaluation rows; this function receives training arrays only.,20263949,"last input column S, explicitly supplied by caller",34cf77139a2aabbb63206ea939032dcdce6aaea3c87f38dfad8da6f718182221,binary_income_Y,6,X_with_S and y only; no separate evaluation input is accepted,50000,2.5.2,3.12.14,1.6.1,2.13.0+cu130,[],52d292d9d44e4adeb5e6c52ce9b87f650d2324d835b3f0339750777f0a91828a,<LOCAL_DRIVE_D>/model_audit_data\experiments\acs-attribute-dp-20260921\run-v1\arms\epsilon-3-seed-20260922\privacy-contract.json,optimizer is non-DP; model inherits conditional attribute-DP solely through cached RR preprocessing,20260922,0.7901,0.44642187728887,10000,0.8720412799848432,0.7906,0.4460208145509345,10000,0.8723009480705433,0.7906,0.44608380654534247,10000,0.8722705847864505,,,,,,,,,,,,,,,,bfloat16,13133892,c105268df420c0bc4197048561793405fe73638ba6c9442049a305613719cf7d,True,512,256,1024,0.1,0.0003,8,4,1024,0.01,seeded training and minibatch shuffle; bitwise determinism across hardware/runtimes is not asserted,NVIDIA GeForce RTX 5080 Laptop GPU,"[1.7240823574447632,1.162336084098816,1.1335269861221313,1.1228195177459717,1.117285362739563,1.113749267616272,1.1112053978729248,1.1092610538482666]","[0.9724629000411369,0.9653350000153296,0.9682326000183821,1.0014383000088856,0.9820160999661312,1.0172676999936812,1.0446642999886535,1.0802147999638692]",8,"softmax restricted to Y=0 and Y=1 logits after [BOS, X_1,...,X_10,S]",3221248,"softmax restricted to S=0 and S=1 logits after [BOS,X_1,...,X_10]","autoregressive next-token cross-entropy over every next token, including covariates, S, Y, and EOS"
